country,iso_code,Year,regulation,region,regulation_label,ihme_country,death_rate,daly_rate,country_for_merge,reg_binary,log_death_rate,log_daly_rate,wb_country_name,wb_region,income_group,lending_type,gdp_per_capita_ppp_2021,gdp_per_capita_ppp_2021_year,gdp_per_capita_ppp_2021_lag,urban_population_pct,urban_population_pct_year,urban_population_pct_lag,population_age_65plus_pct,population_age_65plus_pct_year,population_age_65plus_pct_lag,health_expenditure_per_capita_usd,health_expenditure_per_capita_usd_year,health_expenditure_per_capita_usd_lag,uhc_service_coverage_index,uhc_service_coverage_index_year,uhc_service_coverage_index_lag,manufacturing_value_added_pct_gdp,manufacturing_value_added_pct_gdp_year,manufacturing_value_added_pct_gdp_lag,pm25_mean_annual_ug_m3,pm25_mean_annual_ug_m3_year,pm25_mean_annual_ug_m3_lag,log_gdp_per_capita_ppp,log_health_expenditure_per_capita
Afghanistan,AFG,2023,No,Asia,Not regulated,Afghanistan,491.4936660836482,39881.46184796041,Afghanistan,0,6.197449052594008,10.593666879571469,Afghanistan,"Middle East, North Africa, Afghanistan & Pakistan",Low income,IDA,1981.71016810561,2022.0,0.0,25.3939250580909,2022,0,2.35514236704931,2022,0,80.6516037,2022.0,0.0,,,,10.1902619598408,2022.0,0.0,40.2067792804569,2022.0,0.0,7.592219959544949,4.402461460374845
Albania,ALB,2023,Yes,Europe,Regulated,Albania,866.4986528081694,30537.38335588021,Albania,1,6.76446055440335,10.326706895857685,Albania,Europe & Central Asia,Upper middle income,IBRD,19388.7927279351,2022.0,0.0,57.8643477747383,2022,0,15.7763381628571,2022,0,506.86920166,2022.0,0.0,,,,7.50461634545543,2022.0,0.0,16.4538233724819,2022.0,0.0,9.872502058542384,6.230223937378332
Algeria,DZA,2023,Yes,Africa,Regulated,Algeria,522.6764988904783,26867.01233354585,Algeria,1,6.258962723718008,10.198654505756716,Algeria,"Middle East, North Africa, Afghanistan & Pakistan",Upper middle income,IBRD,14782.2002970247,2022.0,0.0,74.1795862354514,2022,0,6.18696352392874,2022,0,180.33454895,2022.0,0.0,,,,10.2173706724576,2022.0,0.0,19.1821741766237,2022.0,0.0,9.60124669995526,5.200343661933745
Andorra,AND,2023,No,Europe,Not regulated,Andorra,731.3025282744549,27336.90741043397,Andorra,0,6.594827229503878,10.215992987948397,Andorra,Europe & Central Asia,High income,Not classified,63913.3835079105,2022.0,0.0,88.7548766267286,2022,0,14.9689479957343,2022,0,3190.11328125,2022.0,0.0,,,,3.57566714740944,2022.0,0.0,11.4677282320292,2022.0,0.0,11.065299709056276,8.068125125883162
Angola,AGO,2023,No,Africa,Not regulated,Angola,678.1376717763378,48652.57946089073,Angola,0,6.519350323044686,10.792460106987445,Angola,Sub-Saharan Africa ,Lower middle income,IBRD,8750.99363032299,2022.0,0.0,69.0506188977513,2022,0,2.77333855965152,2022,0,103.94506073,2022.0,0.0,,,,6.71647813736907,2022.0,0.0,22.5172239045117,2022.0,0.0,9.077036796864764,4.653436982081485
Antigua and Barbuda,ATG,2023,No,North America,Not regulated,Antigua and Barbuda,681.98707113361,30359.89163678906,Antigua and Barbuda,0,6.5250107003816735,10.320877662227474,Antigua and Barbuda,Latin America & Caribbean ,High income,IBRD,27785.5572316838,2022.0,0.0,24.5114484000414,2022,0,10.728672985782,2022,0,891.00323486,2022.0,0.0,,,,2.70411490543874,2022.0,0.0,7.94265413166136,2022.0,0.0,10.232307629912233,6.793469759098097
Argentina,ARG,2023,Yes,South America,Regulated,Argentina,786.1304774319902,29388.6752859034,Argentina,1,6.667122780474299,10.288364684763344,Argentina,Latin America & Caribbean ,Upper middle income,IBRD,27825.0273492567,2022.0,0.0,92.112838186126,2022,0,12.0340800139112,2022,0,1415.79577637,2022.0,0.0,,,,16.4165686180445,2022.0,0.0,15.8656062718096,2022.0,0.0,10.233727097268323,7.256153105358873
Armenia,ARM,2023,Yes,Asia,Regulated,Armenia,813.1452016272904,30462.12318768307,Armenia,1,6.700909693388332,10.3242393281461,Armenia,Europe & Central Asia,Upper middle income,IBRD,17886.1783877168,2022.0,0.0,65.5624462874485,2022,0,12.9151582271286,2022,0,674.78619385,2022.0,0.0,,,,11.4321929622965,2022.0,0.0,29.3633535061781,2022.0,0.0,9.791839443980738,6.515876744728507
Australia,AUS,2023,Yes,Oceania,Regulated,Australia,675.9949463626017,27082.77802448804,Australia,1,6.516185600220052,10.20665330760246,Australia,East Asia & Pacific,High income,Not classified,60029.1329190733,2022.0,0.0,87.3343268253813,2022,0,17.0750320469828,2022,0,6723.98242188,2022.0,0.0,,,,5.28875408553718,2022.0,0.0,5.30273651659332,2022.0,0.0,11.00260193045422,8.813584590619783
Austria,AUT,2023,Yes,Europe,Regulated,Austria,976.5796329139432,30801.580332861715,Austria,1,6.884056296314803,10.335321277153875,Austria,Europe & Central Asia,High income,Not classified,65694.4591501468,2022.0,0.0,68.998085127906,2022,0,19.7897509199721,2022,0,5897.97607422,2022.0,0.0,,,,16.6515788411782,2022.0,0.0,10.6275168759367,2022.0,0.0,11.092785087170105,8.68253406809046
Azerbaijan,AZE,2023,No,Asia,Not regulated,Azerbaijan,661.3263720478753,32339.65391624171,Azerbaijan,0,6.494247472984023,10.384049431658925,Azerbaijan,Europe & Central Asia,Upper middle income,IBRD,21051.2442291612,2022.0,0.0,58.4382815854684,2022,0,7.52651403008595,2022,0,261.44659424,2022.0,0.0,,,,5.28338982494195,2022.0,0.0,24.1942721597719,2022.0,0.0,9.95476244763957,5.57004761081853
Bahrain,BHR,2023,No,Asia,Not regulated,Bahrain,300.5232261477566,20747.057823288887,Bahrain,0,5.705525042661482,9.94015972395673,Bahrain,"Middle East, North Africa, Afghanistan & Pakistan",High income,Not classified,57572.997981018,2022.0,0.0,100.0,2022,0,3.49895236846893,2022,0,1178.80664063,2022.0,0.0,,,,20.9350892016844,2022.0,0.0,62.6696652208807,2022.0,0.0,10.96082632082086,7.073105840159678
Bangladesh,BGD,2023,Yes,Asia,Regulated,Bangladesh,626.9874168786444,32050.302676122017,Bangladesh,1,6.440926471657448,10.375061906176985,Bangladesh,South Asia,Lower middle income,IDA,7888.16389098304,2022.0,0.0,31.673734726234,2022,0,6.13515765182076,2022,0,56.62142181,2022.0,0.0,,,,21.7648193612213,2022.0,0.0,63.2199514017555,2022.0,0.0,8.973245437500044,4.053894404985405
Barbados,BRB,2023,No,North America,Not regulated,Barbados,1082.3166073201462,37341.25712750408,Barbados,0,6.986859029653621,10.527854083575164,Barbados,Latin America & Caribbean ,High income,IBRD,20494.5343836936,2022.0,0.0,59.3538514107686,2022,0,15.6987864748263,2022,0,1302.0592041,2022.0,0.0,,,,5.15242843434544,2022.0,0.0,10.7984053903982,2022.0,0.0,9.927962306455248,7.172470012853947
Belarus,BLR,2023,Yes,Europe,Regulated,Belarus,1293.7255266460336,42154.490149378784,Belarus,1,7.165281340232658,10.649096485618204,Belarus,Europe & Central Asia,Upper middle income,IBRD,26537.5083081674,2022.0,0.0,78.4732787892908,2022,0,16.5067849004664,2022,0,529.01873779,2022.0,0.0,,,,23.9940952095839,2022.0,0.0,11.3970306974406,2022.0,0.0,10.18635210088715,6.272912360241973
Belgium,BEL,2023,Yes,Europe,Regulated,Belgium,962.1476231227806,30620.536156561622,Belgium,1,6.869167893282371,10.329426179070186,Belgium,Europe & Central Asia,High income,Not classified,62602.9270469765,2022.0,0.0,87.489200269855,2022,0,19.7671927585206,2022,0,5487.59277344,2022.0,0.0,,,,12.5247695210532,2022.0,0.0,10.074123834212,2022.0,0.0,11.044583287500412,8.610427176225835
Belize,BLZ,2023,No,North America,Not regulated,Belize,488.9393134843013,27749.51792986344,Belize,0,6.192238378469333,10.230973747126876,Belize,Latin America & Caribbean ,Upper middle income,Blend,12565.3645829576,2022.0,0.0,42.1373251262137,2022,0,4.70833033299978,2022,0,298.01553345,2022.0,0.0,,,,6.69017982776567,2022.0,0.0,16.0563950590085,2022.0,0.0,9.438779045987626,5.700495523379055
Benin,BEN,2023,No,Africa,Not regulated,Benin,672.8895709810423,48147.86898768963,Benin,0,6.511581231457794,10.782032158462645,Benin,Sub-Saharan Africa ,Lower middle income,IDA,3588.32519938147,2022.0,0.0,50.9627000010887,2022,0,3.06253123069402,2022,0,37.76291275,2022.0,0.0,,,,9.82357547560919,2022.0,0.0,41.496929120914,2022.0,0.0,8.185719497068254,3.657463932547883
Bhutan,BTN,2023,No,Asia,Not regulated,Bhutan,667.3283804159244,31906.881852530405,Bhutan,0,6.503282249225354,10.370576997560368,Bhutan,South Asia,Lower middle income,IDA,14061.3120274588,2022.0,0.0,40.9365143617581,2022,0,6.24575417667363,2022,0,138.00679016,2022.0,0.0,,,,8.72709229133396,2022.0,0.0,25.657638995936,2022.0,0.0,9.551253591921174,4.934522782009508
Bosnia and Herzegovina,BIH,2023,No,Europe,Not regulated,Bosnia and Herzegovina,1182.9526813812038,37910.2123168161,Bosnia and Herzegovina,0,7.075768864345956,10.54297580904379,Bosnia and Herzegovina,Europe & Central Asia,Upper middle income,IBRD,19298.117076437,2022.0,0.0,51.0215287060993,2022,0,21.1032694063471,2022,0,667.29681396,2022.0,0.0,,,,14.3713830291935,2022.0,0.0,27.1094617563555,2022.0,0.0,9.867814626511665,6.504732407125741
Brazil,BRA,2023,Yes,South America,Regulated,Brazil,693.2238067410108,32898.25896631066,Brazil,1,6.541352900501895,10.401175016396085,Brazil,Latin America & Caribbean ,Upper middle income,IBRD,18554.0461828566,2022.0,0.0,87.349556243881,2022,0,10.251784783293,2022,0,871.27526855,2022.0,0.0,,,,13.0740816282273,2022.0,0.0,14.946073685839,2022.0,0.0,9.828497062462585,6.771105049036788
Bulgaria,BGR,2023,Yes,Europe,Regulated,Bulgaria,1470.9879047000022,44102.6483953104,Bulgaria,1,7.293689498065935,10.694275113947178,Bulgaria,Europe & Central Asia,High income,IBRD,32433.6587569626,2022.0,0.0,73.4799164005224,2022,0,21.6972972212748,2022,0,1066.69189453,2022.0,0.0,,,,,,,22.8155719307165,2022.0,0.0,10.38698284476439,6.973254489631604
Burkina Faso,BFA,2023,No,Africa,Not regulated,Burkina Faso,649.3669619775732,46975.922601605766,Burkina Faso,0,6.475997983686524,10.75739046435715,Burkina Faso,Sub-Saharan Africa ,Low income,IDA,2469.19956941259,2022.0,0.0,27.2791369742712,2022,0,2.59465547584363,2022,0,64.38339996,2022.0,0.0,,,,10.2229346053963,2022.0,0.0,41.5553296753411,2022.0,0.0,7.812054223691127,4.180268403002992
Burundi,BDI,2023,No,Africa,Not regulated,Burundi,799.5039143620558,58456.0815570902,Burundi,0,6.683991428274601,10.976031008657746,Burundi,Sub-Saharan Africa ,Low income,IDA,1028.11134640179,2022.0,0.0,22.3202446002597,2022,0,2.48584998345669,2022,0,25.52155113,2022.0,0.0,,,,11.2360651354458,2022.0,0.0,36.3050025944922,2022.0,0.0,6.936450938339315,3.2779576526720997
Cambodia,KHM,2023,No,Asia,Not regulated,Cambodia,593.5497455718115,30346.69891019745,Cambodia,0,6.386121027844429,10.32044302319799,Cambodia,East Asia & Pacific,Lower middle income,IDA,6458.3681488084,2022.0,0.0,40.374616187368,2022,0,5.7669541078253,2022,0,103.89541626,2022.0,0.0,,,,27.1223298665315,2022.0,0.0,19.8334520389805,2022.0,0.0,8.773286782210977,4.652963818165368
Cameroon,CMR,2023,Yes,Africa,Regulated,Cameroon,774.5025462277397,52431.50921287868,Cameroon,1,6.6522209474276845,10.867263010444654,Cameroon,Sub-Saharan Africa ,Lower middle income,Blend,4843.65038202917,2022.0,0.0,54.8458745688318,2022,0,2.76317198222408,2022,0,72.12950897,2022.0,0.0,,,,13.3641819102017,2022.0,0.0,56.6299237952112,2022.0,0.0,8.485630361149273,4.292231964779257
Canada,CAN,2023,Yes,North America,Regulated,Canada,836.2277010380154,31742.33706533037,Canada,1,6.7289009456615165,10.365406622917632,Canada,North America,High income,Not classified,58583.1299860138,2022.0,0.0,82.3500897353968,2022,0,18.9407471303288,2022,0,6252.34033203,2022.0,0.0,,,,9.32446695410476,2022.0,0.0,6.38948485769886,2022.0,0.0,10.978219119535622,8.740871053086043
Central African Republic,CAF,2023,No,Africa,Not regulated,Central African Republic,1178.8557626887318,84291.07252717185,Central African Republic,0,7.072299554366981,11.342031237162228,Central African Republic,Sub-Saharan Africa ,Low income,IDA,1136.80171107045,2022.0,0.0,43.2751967457285,2022,0,2.14369661121692,2022,0,47.91523361,2022.0,0.0,,,,18.3417721525793,2022.0,0.0,32.636811446638,2022.0,0.0,7.036853356156557,3.890088873733621
Chad,TCD,2023,No,Africa,Not regulated,Chad,1030.9721187123475,76592.14815901191,Chad,0,6.938257440695277,11.2462498460232,Chad,Sub-Saharan Africa ,Low income,IDA,2449.48251052296,2022.0,0.0,25.7635558629694,2022,0,2.05551078224591,2022,0,40.17007446,2022.0,0.0,,,,7.45447343491262,2022.0,0.0,42.4135112395066,2022.0,0.0,7.8040402272186284,3.7177116443786717
Chile,CHL,2023,Yes,South America,Regulated,Chile,633.8814573628148,26998.64257285439,Chile,1,6.451861961186647,10.203541868643166,Chile,Latin America & Caribbean ,High income,IBRD,29560.4513805785,2022.0,0.0,88.6395352768685,2022,0,13.300080015705,2022,0,1541.37927246,2022.0,0.0,,,,9.50169647954698,2022.0,0.0,29.1705232939256,2022.0,0.0,10.294226473335096,7.34108148526754
China,CHN,2023,Yes,Asia,Regulated,China,745.1737830254323,27370.404975469144,China,1,6.613617456983271,10.21721759825223,China,East Asia & Pacific,Upper middle income,IBRD,21499.3125559757,2022.0,0.0,65.2176361083984,2022,0,13.781930345649,2022,0,755.43597412,2022.0,0.0,,,,25.9806695043084,2022.0,0.0,31.8957749766111,2022.0,0.0,9.975822751497327,6.628617895304356
Colombia,COL,2023,Yes,South America,Regulated,Colombia,513.0738510107303,26232.72075785533,Colombia,1,6.240419793894899,10.174762794430006,Colombia,Latin America & Caribbean ,Upper middle income,IBRD,18458.7209460704,2022.0,0.0,78.0464633137335,2022,0,9.00655628107831,2022,0,507.07064819,2022.0,0.0,,,,11.1476678003017,2022.0,0.0,18.8527177779036,2022.0,0.0,9.823346391261675,6.230620509149131
Comoros,COM,2023,No,Africa,Not regulated,Comoros,491.87488465961314,30845.72198928528,Comoros,0,6.198224384680383,10.336753348381803,Comoros,Sub-Saharan Africa ,Lower middle income,IDA,3465.8402271705,2022.0,0.0,32.7746035528748,2022,0,4.45529065390536,2022,0,124.14363861,2022.0,0.0,,,,7.50072769002747,2022.0,0.0,12.0356986217286,2022.0,0.0,8.150998860738069,4.829462186462037
Congo,COG,2023,No,Africa,Not regulated,Congo,704.3191576164811,44953.53982519587,Congo,0,6.55723160231353,10.71338478708157,"Congo, Rep.",Sub-Saharan Africa ,Lower middle income,Blend,6205.1050414034,2022.0,0.0,63.6422003342807,2022,0,2.84985975386671,2022,0,53.11892319,2022.0,0.0,,,,12.8531970155196,2020.0,2.0,37.5746809256317,2022.0,0.0,8.733288770647135,3.9911839063936325
Costa Rica,CRI,2023,Yes,North America,Regulated,Costa Rica,560.3041344635624,26965.774246908,Costa Rica,1,6.328479733561616,10.20232372039112,Costa Rica,Latin America & Caribbean ,High income,IBRD,25290.0087466975,2022.0,0.0,78.4405687613972,2022,0,11.2620626162428,2022,0,978.84155273,2022.0,0.0,,,,14.1335020327695,2022.0,0.0,18.2413082350632,2022.0,0.0,10.13820422604519,6.887390877705099
Cote d'Ivoire,CIV,2023,No,Africa,Not regulated,Côte d'Ivoire,700.6014156829295,50712.39143737392,Cote d'Ivoire,0,6.551939131433525,10.833925566765531,Cote d'Ivoire,Sub-Saharan Africa ,Lower middle income,Blend,6272.26395760029,2022.0,0.0,52.8492549676673,2022,0,2.53282102103497,2022,0,84.89915466,2022.0,0.0,,,,12.8110776060833,2022.0,0.0,21.8306712275434,2022.0,0.0,8.744052065579128,4.453173987963906
Croatia,HRV,2023,Yes,Europe,Regulated,Croatia,1334.8702849101076,39269.541775934194,Croatia,1,7.196589401252196,10.578204478951244,Croatia,Europe & Central Asia,High income,IBRD,39863.9109377649,2022.0,0.0,56.9977571733605,2022,0,22.4847051223347,2022,0,1328.80371094,2022.0,0.0,,,,12.2757457885318,2022.0,0.0,16.8333506097167,2022.0,0.0,10.59325179083815,7.192786624564551
Cuba,CUB,2023,Yes,North America,Regulated,Cuba,1021.0456407985996,34926.58487652127,Cuba,1,6.928582519220994,10.4610035625235,Cuba,Latin America & Caribbean ,Upper middle income,Not classified,,,,77.1056060791016,2022,0,15.8758777267623,2022,0,1199.35327148,2020.0,2.0,,,,10.7402861822829,2022.0,0.0,9.40611001829951,2022.0,0.0,,7.090371185351005
Cyprus,CYP,2023,Yes,Asia,Regulated,Cyprus,738.9440267094197,25977.14823405069,Cyprus,1,6.605222176143804,10.164972516457205,Cyprus,Europe & Central Asia,High income,Not classified,50840.9140625,2022.0,0.0,66.6694829407584,2022,0,14.0779422699926,2022,0,2748.6159668,2022.0,0.0,,,,4.29843767661889,2022.0,0.0,21.3967671637857,2022.0,0.0,10.836476373345677,7.919216532472503
Czechia,CZE,2023,Yes,Europe,Regulated,Czechia,1036.6564926725582,33949.4634165483,Czechia,1,6.943755902314784,10.432628327752909,Czechia,Europe & Central Asia,High income,Not classified,48390.661678675,2022.0,0.0,72.6967638379524,2022,0,20.5183106530339,2022,0,2431.08496094,2022.0,0.0,,,,19.3950613571424,2022.0,0.0,12.8501106624388,2022.0,0.0,10.787082798496709,7.796504177072898
Democratic Republic of Congo,COD,2023,No,Africa,Not regulated,Democratic Republic of the Congo,827.8113375282734,56135.11949350348,Democratic Republic of Congo,0,6.718785275196047,10.935516911571534,"Congo, Dem. Rep.",Sub-Saharan Africa ,Low income,IDA,1484.33841881449,2022.0,0.0,44.003287663813,2022,0,3.06604683841811,2022,0,24.3800106,2022.0,0.0,,,,9.48948032952368,2022.0,0.0,36.8333103350476,2022.0,0.0,7.303397916731055,3.2339618799378487
Denmark,DNK,2023,Yes,Europe,Regulated,Denmark,991.3867195134156,30931.63475251574,Denmark,1,6.899104689807237,10.339534717580706,Denmark,Europe & Central Asia,High income,Not classified,69089.4692492289,2022.0,0.0,88.3880239837703,2022,0,20.4007400764725,2022,0,6451.19433594,2022.0,0.0,,,,12.8241154699449,2022.0,0.0,8.20415192314087,2022.0,0.0,11.143172073314298,8.772175559054977
Djibouti,DJI,2023,No,Africa,Not regulated,Djibouti,610.0128933562213,39888.1193434299,Djibouti,0,6.413480093593524,10.593833797722109,Djibouti,"Middle East, North Africa, Afghanistan & Pakistan",Lower middle income,IDA,6180.67998594606,2022.0,0.0,72.6109938538856,2022,0,4.62735776047053,2022,0,79.13184357,2022.0,0.0,,,,5.02666091887994,2022.0,0.0,39.044711370559,2022.0,0.0,8.729345355895383,4.3836733227635545
Dominica,DMA,2023,Yes,North America,Regulated,Dominica,942.4162086110942,34505.96640491582,Dominica,1,6.848447012039626,10.4488875273401,Dominica,Latin America & Caribbean ,Upper middle income,Blend,17550.8009946466,2022.0,0.0,72.682648635692,2022,0,12.585576081345,2022,0,542.53948975,2022.0,0.0,,,,3.95180321827055,2022.0,0.0,11.1561568187343,2022.0,0.0,9.772911844406444,6.298102362155453
Ecuador,ECU,2023,Yes,South America,Regulated,Ecuador,571.3638082488354,29479.33740610072,Ecuador,1,6.348026149059216,10.29144487000254,Ecuador,Latin America & Caribbean ,Upper middle income,IBRD,14186.6388544625,2022.0,0.0,63.0901835932266,2022,0,7.85040162653543,2022,0,495.30380249,2022.0,0.0,,,,12.8847307909688,2022.0,0.0,19.8012550282051,2022.0,0.0,9.560126361274543,6.2071882442404505
Egypt,EGY,2023,Yes,Africa,Regulated,Egypt,620.5697715712599,30364.73728004956,Egypt,1,6.430638042434916,10.321037256229356,"Egypt, Arab Rep.","Middle East, North Africa, Afghanistan & Pakistan",Lower middle income,IBRD,16360.390775011,2022.0,0.0,42.6325129008032,2022,0,4.82840349955892,2022,0,171.67852783,2022.0,0.0,,,,15.9705322282435,2022.0,0.0,42.2068092839445,2022.0,0.0,9.702679617241028,5.151431645228188
El Salvador,SLV,2023,No,North America,Not regulated,El Salvador,761.133250780995,33613.41844055413,El Salvador,0,6.634808442114352,10.4226806245788,El Salvador,Latin America & Caribbean ,Upper middle income,IBRD,11085.6166169553,2022.0,0.0,74.1465021298679,2022,0,7.86163091397109,2022,0,500.20321655,2022.0,0.0,,,,13.7685122517619,2022.0,0.0,29.793836814941,2022.0,0.0,9.313493949662904,6.217011640698845
Estonia,EST,2023,Yes,Europe,Regulated,Estonia,1204.331091869229,36800.81734149,Estonia,1,7.093679581311922,10.513275334276951,Estonia,Europe & Central Asia,High income,Not classified,43124.6196563775,2022.0,0.0,70.4892333736738,2022,0,20.6300461857585,2022,0,1998.74523926,2022.0,0.0,,,,11.9959443459942,2022.0,0.0,6.63187069919039,2022.0,0.0,10.671872523073967,7.600775071058514
Eswatini,SWZ,2023,No,Africa,Not regulated,Eswatini,996.2461777903872,57693.78952829716,Eswatini,0,6.903994393500214,10.96290481287825,Eswatini,Sub-Saharan Africa ,Lower middle income,Blend,9927.60567008139,2022.0,0.0,25.396682918542,2022,0,4.01504122718824,2022,0,284.75802612,2022.0,0.0,,,,29.6218331591913,2022.0,0.0,18.4190593206,2022.0,0.0,9.2031753312768,5.655145390189474
Ethiopia,ETH,2023,Yes,Africa,Regulated,Ethiopia,699.3798141768957,45889.64552101202,Ethiopia,1,6.550193962584083,10.733994782822371,Ethiopia,Sub-Saharan Africa ,Low income,IDA,2655.59276743639,2022.0,0.0,22.7367687225342,2022,0,3.12441623217276,2022,0,27.06845474,2022.0,0.0,,,,4.24106228559317,2022.0,0.0,23.5261339843168,2022.0,0.0,7.884799666205948,3.3346463386269076
Fiji,FJI,2023,No,Oceania,Not regulated,Fiji,894.3005479586715,39781.34238923753,Fiji,0,6.7960419020754985,10.591153297168855,Fiji,East Asia & Pacific,Upper middle income,Blend,12118.3182710082,2022.0,0.0,58.1352701465266,2022,0,6.20928148336672,2022,0,217.15068054,2022.0,0.0,,,,11.7043702034075,2022.0,0.0,7.3625428766382,2022.0,0.0,9.402556009774662,5.3851860191613605
Finland,FIN,2023,Yes,Europe,Regulated,Finland,1102.6277881799006,33119.18947433773,Finland,1,7.005451508250397,10.407868135806558,Finland,Europe & Central Asia,High income,Not classified,57068.3056478074,2022.0,0.0,73.6967597835949,2022,0,23.2287672110978,2022,0,4902.0390625,2022.0,0.0,,,,15.7551618539463,2022.0,0.0,5.11856750896099,2022.0,0.0,10.952021696780857,8.497610508680479
France,FRA,2023,Yes,Europe,Regulated,France,907.1265673023064,30100.34204123608,France,1,6.810281985365646,10.31229181416862,France,Europe & Central Asia,High income,Not classified,53673.8137406422,2022.0,0.0,78.7591921123356,2022,0,21.3773491158756,2022,0,4857.73388672,2022.0,0.0,,,,9.3013624882498,2022.0,0.0,10.3836622746905,2022.0,0.0,10.890699152608539,8.488533165818254
Gabon,GAB,2023,No,Africa,Not regulated,Gabon,745.2622401952981,42183.69015484912,Gabon,0,6.613736156704147,10.649788936096307,Gabon,Sub-Saharan Africa ,Upper middle income,IBRD,18662.0497970472,2022.0,0.0,91.2243355459988,2022,0,4.01133890116906,2022,0,243.09941101,2022.0,0.0,,,,20.8000410208541,2022.0,0.0,32.1853662714696,2022.0,0.0,9.834300901402642,5.497575564491456
Gambia,GMB,2023,No,Africa,Not regulated,Gambia,634.3969653239628,42041.40457680703,Gambia,0,6.452674886771938,10.64641023491819,"Gambia, The",Sub-Saharan Africa ,Low income,IDA,2863.18049829859,2022.0,0.0,63.2869880996278,2022,0,2.88979203252834,2022,0,29.57811737,2022.0,0.0,,,,1.43076291164454,2022.0,0.0,36.1413467657693,2022.0,0.0,7.96003754924361,3.4202846345115905
Georgia,GEO,2023,Yes,Asia,Regulated,Georgia,1218.4192177884129,39833.26193371865,Georgia,1,7.105309574428008,10.59245756922504,Georgia,Europe & Central Asia,Upper middle income,IBRD,20966.5280391134,2022.0,0.0,60.0101622679115,2022,0,15.086921296037,2022,0,546.22503662,2022.0,0.0,,,,9.72325569585506,2022.0,0.0,19.351565028902,2022.0,0.0,9.950730236123126,6.304860119318673
Germany,DEU,2023,Yes,Europe,Regulated,Germany,1210.9533486442133,35278.85297997194,Germany,1,7.099163219808761,10.471038997686646,Germany,Europe & Central Asia,High income,Not classified,63777.9291029299,2022.0,0.0,81.7867852780995,2022,0,22.4589063795192,2022,0,6226.14208984,2022.0,0.0,,,,18.3217735042199,2022.0,0.0,9.64877683820048,2022.0,0.0,11.063178149939077,8.73667277295803
Ghana,GHA,2023,No,Africa,Not regulated,Ghana,719.9273416486532,42507.81489993666,Ghana,0,6.579150292541032,10.657443218007163,Ghana,Sub-Saharan Africa ,Lower middle income,IDA,6728.45413832472,2022.0,0.0,57.250609602871,2022,0,3.56150287042033,2022,0,82.32108307,2022.0,0.0,,,,11.4844320300242,2022.0,0.0,30.0880306483719,2022.0,0.0,8.814249310630817,4.422701615228113
Greece,GRC,2023,Yes,Europe,Regulated,Greece,1236.7362113428942,35604.803168299266,Greece,1,7.120231100939455,10.48023582819702,Greece,Europe & Central Asia,High income,Not classified,35828.1756641776,2022.0,0.0,78.5502190980809,2022,0,23.2281742678017,2022,0,1768.11071777,2022.0,0.0,,,,9.72102945141494,2022.0,0.0,16.3030538124793,2022.0,0.0,10.48651780317354,7.478232279974005
Guatemala,GTM,2023,No,North America,Not regulated,Guatemala,537.3443862388858,31295.123827194828,Guatemala,0,6.286639204110391,10.351217576123457,Guatemala,Latin America & Caribbean ,Upper middle income,IBRD,12144.4800461597,2022.0,0.0,55.2581228215265,2022,0,4.62989239560537,2022,0,384.06158447,2022.0,0.0,,,,14.0877396415755,2022.0,0.0,28.3120937251037,2022.0,0.0,9.404712366893065,5.953403281157939
Guinea,GIN,2023,No,Africa,Not regulated,Guinea,845.2766416878607,57133.3042276744,Guinea,0,6.739663960390724,10.95314248704364,Guinea,Sub-Saharan Africa ,Lower middle income,IDA,3792.01068836277,2022.0,0.0,37.2384967469106,2022,0,3.43104090696519,2022,0,53.2922287,2022.0,0.0,,,,12.7453563521224,2022.0,0.0,27.6046011191563,2022.0,0.0,8.240915359602875,3.994381098833831
Guinea-Bissau,GNB,2023,No,Africa,Not regulated,Guinea-Bissau,804.5937438242108,54863.698026480575,Guinea-Bissau,0,6.690337483974908,10.912607170649943,Guinea-Bissau,Sub-Saharan Africa ,Low income,IDA,2600.802474483,2022.0,0.0,45.1627159118652,2022,0,3.09029227334318,2022,0,68.01049042,2022.0,0.0,,,,7.00649344964373,2022.0,0.0,31.6464547644496,2022.0,0.0,7.863959743232807,4.234258528113563
Guyana,GUY,2023,Yes,South America,Regulated,Guyana,830.8140376730757,40391.42220047913,Guyana,1,6.722405988432485,10.606372719635464,Guyana,Latin America & Caribbean ,High income,IDA,37068.1993827588,2022.0,0.0,26.4536735068183,2022,0,6.22245590205894,2022,0,452.23754883,2022.0,0.0,,,,1.86702615759206,2022.0,0.0,17.5047665611304,2022.0,0.0,10.520541698467762,6.116416378391661
Haiti,HTI,2023,No,North America,Not regulated,Haiti,935.2863781836796,55458.73179045157,Haiti,0,6.840852769219917,10.923394451805024,Haiti,Latin America & Caribbean ,Lower middle income,IDA,3029.77866381702,2022.0,0.0,53.8524949966907,2022,0,4.54071966651153,2022,0,52.28417587,2022.0,0.0,,,,20.0720393631843,2022.0,0.0,14.6394225854133,2022.0,0.0,8.016574850246581,3.9756393990993386
Honduras,HND,2023,No,North America,Not regulated,Honduras,443.25911767735306,24653.400984387456,Honduras,0,6.094154514798826,10.112670140922782,Honduras,Latin America & Caribbean ,Lower middle income,IDA,6352.58710177732,2022.0,0.0,57.8364689017254,2022,0,4.16665073884696,2022,0,244.90408325,2022.0,0.0,,,,16.219500578367,2022.0,0.0,29.6637651594529,2022.0,0.0,8.75677483030966,5.504941554411649
Hungary,HUN,2023,Yes,Europe,Regulated,Hungary,1324.5372407814332,40607.22940565903,Hungary,1,7.188818425177127,10.611701393917071,Hungary,Europe & Central Asia,High income,Not classified,40610.9711368238,2022.0,0.0,70.1585064243445,2022,0,20.6075593133653,2022,0,1228.00231934,2022.0,0.0,,,,16.7771082108585,2022.0,0.0,13.9643061911554,2022.0,0.0,10.611818157715252,7.113957996740821
Iceland,ISL,2023,Yes,Europe,Regulated,Iceland,664.7876789465762,25462.97691932607,Iceland,1,6.499467709895629,10.144980790622826,Iceland,Europe & Central Asia,High income,Not classified,66581.2441801002,2022.0,0.0,94.1787071228028,2022,0,15.1109948456115,2022,0,6851.62939453,2022.0,0.0,,,,9.85678509406482,2022.0,0.0,4.87771243846275,2022.0,0.0,11.106193217080943,8.83238771081953
India,IND,2023,Yes,Asia,Regulated,India,682.0642484630768,33556.58235279176,India,1,6.525123859363951,10.420988318470254,India,South Asia,Lower middle income,IBRD,8347.38478647086,2022.0,0.0,34.7555673994206,2022,0,6.69899975408181,2022,0,81.50888824,2022.0,0.0,,,,13.3327202623974,2022.0,0.0,50.6577446303517,2022.0,0.0,9.029823360387208,4.412906023779928
Iraq,IRQ,2023,Yes,Asia,Regulated,Iraq,506.4192768186972,30386.04121115306,Iraq,1,6.2273649364930925,10.321738611257418,Iraq,"Middle East, North Africa, Afghanistan & Pakistan",Upper middle income,IBRD,13433.3977166956,2022.0,0.0,69.8682861328125,2022,0,3.39760558019799,2022,0,283.17074585,2022.0,0.0,,,,2.24623679872033,2022.0,0.0,59.5284377287451,2022.0,0.0,9.505573690621247,5.649575275283892
Ireland,IRL,2023,Yes,Europe,Regulated,Ireland,668.181486455389,25472.44766658214,Ireland,1,6.504559822947066,10.14535266333979,Ireland,Europe & Central Asia,High income,Not classified,123007.47648651,2022.0,0.0,63.8920250215059,2022,0,15.16194031114,2022,0,6407.92333984,2022.0,0.0,,,,37.0980377487837,2022.0,0.0,8.10103504227002,2022.0,0.0,11.720008546504529,8.76544657010331
Israel,ISR,2023,Yes,Asia,Regulated,Israel,508.5350234527624,21103.29599585149,Israel,1,6.2315340891300695,9.9571845155991,Israel,"Middle East, North Africa, Afghanistan & Pakistan",High income,Not classified,48132.3637205177,2022.0,0.0,91.4979834273327,2022,0,12.3030366078735,2022,0,4107.72998047,2022.0,0.0,,,,12.0735689690971,2022.0,0.0,23.0791533108637,2022.0,0.0,10.781730848085248,8.320869252552807
Italy,ITA,2023,Yes,Europe,Regulated,Italy,1141.666542440329,32402.57241097848,Italy,1,7.04024435321682,10.385993094029343,Italy,Europe & Central Asia,High income,Not classified,52333.3274270604,2022.0,0.0,69.4839779766539,2022,0,23.929189689659,2022,0,3154.57104492,2022.0,0.0,,,,15.3822538780623,2022.0,0.0,16.2350417959884,2022.0,0.0,10.865407790903461,8.05692475540244
Jamaica,JAM,2023,Yes,North America,Regulated,Jamaica,711.2028622325878,31231.428571443124,Jamaica,1,6.566957708703109,10.34918019279298,Jamaica,Latin America & Caribbean ,Upper middle income,IBRD,11096.6377085321,2022.0,0.0,57.9879906034775,2022,0,7.53711329893799,2022,0,521.12023926,2022.0,0.0,,,,8.13650312593322,2022.0,0.0,20.7985769822432,2022.0,0.0,9.314487545600075,6.25789790476763
Japan,JPN,2023,No,Asia,Not regulated,Japan,1297.34579625788,34052.62452574769,Japan,0,7.1680757611624655,10.435662387190156,Japan,East Asia & Pacific,High income,Not classified,46819.360613609,2022.0,0.0,91.9776532428406,2022,0,29.4026473056942,2022,0,4201.79248047,2022.0,0.0,,,,18.8237454364041,2022.0,0.0,12.4368126972419,2022.0,0.0,10.75407344314273,8.343504459641515
Jordan,JOR,2023,Yes,Asia,Regulated,Jordan,310.0292696957682,20458.212822777503,Jordan,1,5.736666711395504,9.926139685875029,Jordan,"Middle East, North Africa, Afghanistan & Pakistan",Upper middle income,IBRD,10158.4738771524,2022.0,0.0,92.4048379066163,2022,0,4.14208054031429,2022,0,334.387146,2022.0,0.0,,,,15.6966755214311,2022.0,0.0,33.3041989417809,2022.0,0.0,9.226161936046806,5.815285524265921
Kazakhstan,KAZ,2023,Yes,Asia,Regulated,Kazakhstan,643.1143844821116,29374.611101453665,Kazakhstan,1,6.466322600301822,10.287886012259372,Kazakhstan,Europe & Central Asia,Upper middle income,IBRD,33506.2614893237,2022.0,0.0,61.444157327248,2022,0,7.98541663578261,2022,0,421.60028076,2022.0,0.0,,,,13.4242966658263,2022.0,0.0,18.9935714383546,2022.0,0.0,10.419517455199248,6.046426769545199
Kenya,KEN,2023,Yes,Africa,Regulated,Kenya,536.2814075503861,33645.413848561526,Kenya,1,6.284659037385667,10.423632035994428,Kenya,Sub-Saharan Africa ,Lower middle income,Blend,5491.69378280246,2022.0,0.0,31.4307820066946,2022,0,2.86391987696116,2022,0,91.18416595,2022.0,0.0,,,,7.74068726212304,2022.0,0.0,20.77459729359,2022.0,0.0,8.611174084984134,4.523788379914033
Kuwait,KWT,2023,Yes,Asia,Regulated,Kuwait,195.5576160442604,18390.29045594147,Kuwait,1,5.275855047230436,9.819578111706454,Kuwait,"Middle East, North Africa, Afghanistan & Pakistan",High income,Not classified,51379.8833194119,2022.0,0.0,100.0,2022,0,2.74657831156504,2022,0,1683.39929199,2022.0,0.0,,,,7.8743575039131,2022.0,0.0,74.5017071155815,2022.0,0.0,10.847021462408113,7.429164275954034
Kyrgyzstan,KGZ,2023,Yes,Asia,Regulated,Kyrgyzstan,435.6983193325104,24406.853645313688,Kyrgyzstan,1,6.076950075719837,10.102619258942916,Kyrgyz Republic,Europe & Central Asia,Lower middle income,IDA,6139.77788825006,2022.0,0.0,34.7003053497743,2022,0,5.19936059005824,2022,0,88.07954407,2022.0,0.0,,,,13.6430601739162,2022.0,0.0,18.6929404908521,2022.0,0.0,8.72270670501385,4.489529724167717
Laos,LAO,2023,Yes,Asia,Regulated,Lao People's Democratic Republic,801.1341045121632,40197.887897402485,Laos,1,6.686028354418466,10.601569733361236,Lao PDR,East Asia & Pacific,Lower middle income,IDA,8183.03286472653,2022.0,0.0,38.0682382805397,2022,0,4.41710766922774,2022,0,41.34779739,2022.0,0.0,,,,8.80581309491413,2022.0,0.0,25.3425878362043,2022.0,0.0,9.009940323352447,3.745916410064285
Latvia,LVA,2023,Yes,Europe,Regulated,Latvia,1471.8354072259956,43967.480690024335,Latvia,1,7.294265477293766,10.69120556442294,Latvia,Europe & Central Asia,High income,Not classified,37718.7097958367,2022.0,0.0,68.2570218109034,2022,0,21.0117630297337,2022,0,1642.47131348,2022.0,0.0,,,,11.9852535721668,2022.0,0.0,13.9221548814057,2022.0,0.0,10.53793804307614,7.4045659384219755
Lebanon,LBN,2023,Yes,Asia,Regulated,Lebanon,532.0731711721944,27188.084681078744,Lebanon,1,6.276781019681272,10.21053409311074,Lebanon,"Middle East, North Africa, Afghanistan & Pakistan",Lower middle income,IBRD,11474.7505845558,2022.0,0.0,90.206313713022,2022,0,9.51346669072451,2022,0,230.39093018,2022.0,0.0,,,,1.42682987688995,2021.0,1.0,27.98267173145,2022.0,0.0,9.347991443208384,5.444108618572228
Lesotho,LSO,2023,No,Africa,Not regulated,Lesotho,1185.465991120336,62912.74708761376,Lesotho,0,7.077891217721836,11.049504078557352,Lesotho,Sub-Saharan Africa ,Lower middle income,IDA,2577.54544127769,2022.0,0.0,41.6703965165322,2022,0,3.7929706372461,2022,0,133.32562256,2022.0,0.0,,,,16.282824396699,2022.0,0.0,30.7558120221266,2022.0,0.0,7.854980736480071,4.900266871333346
Liberia,LBR,2023,No,Africa,Not regulated,Liberia,841.518548763522,58141.75410682586,Liberia,0,6.735208055887657,10.970639344053792,Liberia,Sub-Saharan Africa ,Low income,IDA,1578.99837069175,2022.0,0.0,54.4591057083,2022,0,3.2525393175955,2022,0,100.49607086,2022.0,0.0,,,,,,,18.0264041675687,2022.0,0.0,7.365179094812728,4.620020086993645
Liechtenstein,LIE,2023,Yes,Europe,Regulated,,,,,1,,,Liechtenstein,Europe & Central Asia,High income,Not classified,,,,14.6923070071538,2022,0,19.6263702724012,2022,0,10591.59277344,2022.0,0.0,,,,34.6010660800406,2022.0,0.0,,,,,9.267910240870668
Lithuania,LTU,2023,Yes,Europe,Regulated,Lithuania,1362.068853201853,42081.56551268139,Lithuania,1,7.216760038443336,10.6473650499677,Lithuania,Europe & Central Asia,High income,Not classified,46642.5947251086,2022.0,0.0,68.2866452426813,2022,0,19.8607556942966,2022,0,1831.27734375,2022.0,0.0,,,,16.1675970699657,2022.0,0.0,11.0994312721468,2022.0,0.0,10.7502908919203,7.513314922285817
Luxembourg,LUX,2023,Yes,Europe,Regulated,Luxembourg,650.4812104689405,24742.12575421925,Luxembourg,1,6.477712412783567,10.116262566031285,Luxembourg,Europe & Central Asia,High income,Not classified,132570.832272626,2022.0,0.0,94.7605400940185,2022,0,14.8424375777289,2022,0,7022.62695313,2022.0,0.0,,,,3.91238139846512,2022.0,0.0,9.07553744912506,2022.0,0.0,11.794879907868282,8.857035023587066
Madagascar,MDG,2023,No,Africa,Not regulated,Madagascar,748.2113603640832,48815.46166189659,Madagascar,0,6.61768550539151,10.795802378992835,Madagascar,Sub-Saharan Africa ,Low income,IDA,1602.42805197529,2022.0,0.0,31.5397813465886,2022,0,3.26762489022296,2022,0,15.85809231,2022.0,0.0,,,,12.0636550720283,2022.0,0.0,13.7055222398519,2022.0,0.0,7.3798991487628385,2.8248307972988203
Malawi,MWI,2023,Yes,Africa,Regulated,Malawi,751.5567346849618,48307.55842919885,Malawi,1,6.622146701599509,10.78534331661487,Malawi,Sub-Saharan Africa ,Low income,IDA,1659.95933825168,2022.0,0.0,16.7146031979436,2022,0,2.61321944653068,2022,0,40.03453827,2022.0,0.0,,,,10.7499433718723,2022.0,0.0,20.1661455127716,2022.0,0.0,7.4151506290316975,3.7144141089165053
Malaysia,MYS,2023,No,Asia,Not regulated,Malaysia,560.428057394469,24851.59902103796,Malaysia,0,6.328700879937729,10.120677376377657,Malaysia,East Asia & Pacific,Upper middle income,IBRD,32129.2217820113,2022.0,0.0,75.9741357073003,2022,0,7.18563935667379,2022,0,458.21963501,2022.0,0.0,,,,23.3383196840342,2022.0,0.0,15.3331668435575,2022.0,0.0,10.377552354731936,6.129528603259328
Maldives,MDV,2023,No,Asia,Not regulated,Maldives,353.97926955282014,18521.44248298688,Maldives,0,5.869238350833783,9.826684393017333,Maldives,South Asia,Upper middle income,IDA,21357.8112511153,2022.0,0.0,41.0641769690663,2022,0,4.08161318358005,2022,0,883.91467285,2022.0,0.0,,,,1.99500404232389,2022.0,0.0,10.4145518024435,2022.0,0.0,9.96921963848777,6.785491225500961
Mali,MLI,2023,No,Africa,Not regulated,Mali,817.7542685589544,62325.43047987096,Mali,0,6.706561886287418,11.04012481538549,Mali,Sub-Saharan Africa ,Low income,IDA,2813.81095962565,2022.0,0.0,30.4015705681899,2022,0,2.4262091377493,2022,0,31.0949192,2022.0,0.0,,,,7.37164441273169,2022.0,0.0,37.3348886349998,2022.0,0.0,7.942650383656524,3.468697737234478
Malta,MLT,2023,Yes,Europe,Regulated,Malta,732.6106496843163,26251.971515168843,Malta,1,6.596614387072684,10.175496370539271,Malta,"Middle East, North Africa, Afghanistan & Pakistan",High income,Not classified,56874.4339327368,2022.0,0.0,95.6003155132879,2022,0,19.2843700775476,2022,0,3362.42382813,2022.0,0.0,,,,6.2436057114897,2022.0,0.0,11.578291572615,2022.0,0.0,10.948618785810728,8.120714730600035
Mauritius,MUS,2023,No,Africa,Not regulated,Mauritius,1008.9887331791294,38384.207926888426,Mauritius,0,6.91670385396731,10.555401402084614,Mauritius,Sub-Saharan Africa ,Upper middle income,IBRD,25005.0666145723,2022.0,0.0,39.0000125885784,2022,0,12.3957639095405,2022,0,590.91522217,2022.0,0.0,,,,11.8013954595079,2022.0,0.0,15.054806246095,2022.0,0.0,10.126873738994941,6.383363418835158
Mexico,MEX,2023,Yes,North America,Regulated,Mexico,603.8913106867179,31125.6931127651,Mexico,1,6.40339423254784,10.345788902202282,Mexico,Latin America & Caribbean ,Upper middle income,IBRD,21391.8573698845,2022.0,0.0,79.199683215791,2022,0,7.74526983999124,2022,0,650.97070313,2022.0,0.0,,,,21.48647019504,2022.0,0.0,16.6329908517605,2022.0,0.0,9.97081237753468,6.479999627067404
Moldova,MDA,2023,No,Europe,Not regulated,Republic of Moldova,1060.8132551100343,38357.78623252169,Moldova,0,6.966791114743836,10.554712817022416,Moldova,Europe & Central Asia,Upper middle income,IBRD,15350.3120408391,2022.0,0.0,42.4048843383789,2022,0,15.1170014189217,2022,0,394.42373657,2022.0,0.0,,,,9.25131924589376,2022.0,0.0,14.5523227409262,2022.0,0.0,9.638956224335796,5.9799579407252725
Monaco,MCO,2023,Yes,Europe,Regulated,Monaco,1394.3865701093996,38192.86717664944,Monaco,1,7.240209862855212,10.550404054035374,Monaco,Europe & Central Asia,High income,Not classified,,,,100.0,2022,0,37.0612486033161,2022,0,7674.09814453,2022.0,0.0,,,,,,,12.8418535012439,2022.0,0.0,,8.94573635993455
Mongolia,MNG,2023,No,Asia,Not regulated,Mongolia,534.3706133997774,28626.362165215884,Mongolia,0,6.28108963081481,10.262083326282095,Mongolia,East Asia & Pacific,Upper middle income,IBRD,15310.4349469163,2022.0,0.0,69.783805847168,2022,0,4.61634103806392,2022,0,448.24212646,2022.0,0.0,,,,7.11716459497276,2022.0,0.0,40.9215812032638,2022.0,0.0,9.636355210380959,6.107561999544589
Montenegro,MNE,2023,Yes,Europe,Regulated,Montenegro,1068.2142429638,35063.84346255381,Montenegro,1,6.973743601428274,10.464925777753573,Montenegro,Europe & Central Asia,Upper middle income,IBRD,25583.3155690619,2022.0,0.0,65.4012965440866,2022,0,17.1459251034129,2022,0,1032.91149902,2022.0,0.0,,,,3.75094763869843,2022.0,0.0,18.6822081301969,2022.0,0.0,10.149734769623286,6.9411044605155165
Morocco,MAR,2023,Yes,Africa,Regulated,Morocco,757.5187401203378,32428.628243918967,Morocco,1,6.630048276510299,10.386796899421814,Morocco,"Middle East, North Africa, Afghanistan & Pakistan",Lower middle income,IBRD,8690.4482421875,2022.0,0.0,62.5118468550703,2022,0,7.5098132650741,2022,0,201.81098938,2022.0,0.0,,,,16.0498493107438,2022.0,0.0,21.3232528983588,2022.0,0.0,9.070094860551919,5.312274458513197
Mozambique,MOZ,2023,No,Africa,Not regulated,Mozambique,696.2216280943865,49891.2020432166,Mozambique,0,6.545668040816071,10.817599954435678,Mozambique,Sub-Saharan Africa ,Low income,IDA,1476.73432917026,2022.0,0.0,35.0536638047945,2022,0,2.77309890426475,2022,0,47.69813538,2022.0,0.0,,,,8.13801372931829,2022.0,0.0,16.045018396151,2022.0,0.0,7.298265335128041,3.885640741470534
Myanmar,MMR,2023,No,Asia,Not regulated,Myanmar,988.0771747943952,45686.52313144748,Myanmar,0,6.89576080683735,10.72955863473572,Myanmar,East Asia & Pacific,Lower middle income,IDA,5350.47666899931,2022.0,0.0,30.311095757938,2022,0,6.87716132590698,2022,0,57.96875763,2022.0,0.0,,,,25.559555440961,2022.0,0.0,32.8498528834077,2022.0,0.0,8.585127814702568,4.077007771959383
Nepal,NPL,2023,Yes,Asia,Regulated,Nepal,579.3302395701672,31090.9762251966,Nepal,1,6.361872676930369,10.34467290253399,Nepal,South Asia,Lower middle income,IDA,4763.38751073946,2022.0,0.0,66.2992968721053,2022,0,6.19751969986239,2022,0,87.34230042,2022.0,0.0,,,,4.8320719144747,2022.0,0.0,50.6322528228936,2022.0,0.0,8.468924268632195,4.481219046354576
Netherlands,NLD,2023,Yes,Europe,Regulated,Netherlands,954.7776708610112,31344.981031258627,Netherlands,1,6.86147850799621,10.352809438547848,Netherlands,Europe & Central Asia,High income,Not classified,71324.0360229425,2022.0,0.0,94.9856177734136,2022,0,19.9012830406524,2022,0,5967.90429688,2022.0,0.0,,,,10.3475478456863,2022.0,0.0,9.71599320228502,2022.0,0.0,11.175002681135096,8.694318654681092
New Zealand,NZL,2023,Yes,Oceania,Regulated,New Zealand,757.6178524967801,28829.324409996087,New Zealand,1,6.630179106135913,10.269148356781606,New Zealand,East Asia & Pacific,High income,Not classified,49842.9845334162,2022.0,0.0,83.8547305017812,2022,0,16.4463886430602,2022,0,5138.33789063,2022.0,0.0,,,,8.91308818638142,2022.0,0.0,6.98542238085309,2022.0,0.0,10.816653096762899,8.544679535099311
Nicaragua,NIC,2023,No,North America,Not regulated,Nicaragua,432.2444583940535,25480.58431436113,Nicaragua,0,6.068991304108872,10.145672041697928,Nicaragua,Latin America & Caribbean ,Lower middle income,IDA,7277.82041652584,2022.0,0.0,58.9954376220703,2022,0,5.23936494428067,2022,0,208.56825256,2022.0,0.0,,,,14.4441982412207,2022.0,0.0,20.8229199248067,2022.0,0.0,8.89272409736534,5.34504947418074
Niger,NER,2023,No,Africa,Not regulated,Niger,1022.972541929646,79989.57625840165,Niger,0,6.930467924857924,11.289651608396678,Niger,Sub-Saharan Africa ,Low income,IDA,1724.89699425215,2022.0,0.0,17.477207007512,2022,0,2.55072569807182,2022,0,26.50681686,2022.0,0.0,,,,6.92081274422267,2022.0,0.0,74.5735734758223,2022.0,0.0,7.453502190981956,3.3144338597720946
Nigeria,NGA,2023,No,Africa,Not regulated,Nigeria,728.0564705666791,54295.82226658995,Nigeria,0,6.590378614648055,10.902202564961962,Nigeria,Sub-Saharan Africa ,Lower middle income,Blend,7752.26206495247,2022.0,0.0,61.3727650622225,2022,0,3.00794221997644,2022,0,89.62958527,2022.0,0.0,,,,9.13653170096745,2022.0,0.0,70.6169092406565,2022.0,0.0,8.955868945395721,4.506780707977659
North Macedonia,MKD,2023,Yes,Europe,Regulated,North Macedonia,1135.2409838180006,36000.05921116155,North Macedonia,1,7.03460022792318,10.49127586219138,North Macedonia,Europe & Central Asia,Upper middle income,IBRD,22822.2333994259,2022.0,0.0,61.9530566607267,2022,0,17.047678201619,2022,0,561.69281006,2022.0,0.0,,,,13.1851623117228,2022.0,0.0,22.5016591432148,2022.0,0.0,10.035534304852305,6.332733848785181
Norway,NOR,2023,Yes,Europe,Regulated,Norway,795.0214161050685,27338.090956896427,Norway,1,6.678369052788439,10.21603628183035,Norway,Europe & Central Asia,High income,Not classified,95109.8201605729,2022.0,0.0,82.9563661816034,2022,0,18.3301335040316,2022,0,8692.57617188,2022.0,0.0,,,,4.77970222585039,2022.0,0.0,6.02028911555586,2022.0,0.0,11.462798018723584,9.070339660864239
Oman,OMN,2023,Yes,Asia,Regulated,Oman,239.22444765000387,18333.072283910074,Oman,1,5.477402222748475,9.816461936385672,Oman,"Middle East, North Africa, Afghanistan & Pakistan",High income,Not classified,39780.2122774985,2022.0,0.0,80.0117053152301,2022,0,2.65754744065083,2022,0,712.06097412,2022.0,0.0,,,,10.5205216106671,2022.0,0.0,52.137724533898,2022.0,0.0,10.591150026491096,6.569566934457725
Pakistan,PAK,2023,Yes,Asia,Regulated,Pakistan,562.9626426805124,36376.647550209615,Pakistan,1,6.333213271907103,10.501682296924628,Pakistan,"Middle East, North Africa, Afghanistan & Pakistan",Lower middle income,Blend,5526.27928310213,2022.0,0.0,38.3740439760816,2022,0,4.11167709278366,2022,0,38.76602173,2022.0,0.0,,,,13.7586338644974,2022.0,0.0,57.8617671689119,2022.0,0.0,8.61745098124274,3.6830128222824534
Palau,PLW,2023,No,Oceania,Not regulated,Palau,1105.6821297169226,44773.393973753344,Palau,0,7.0082177354542186,10.709369357469384,Palau,East Asia & Pacific,High income,IBRD,16258.6271292912,2022.0,0.0,79.1134831712956,2022,0,10.3778365898981,2022,0,2077.734375,2022.0,0.0,,,,1.07838980000924,2022.0,0.0,5.26057416498998,2022.0,0.0,9.696440451060955,7.639514513942508
Panama,PAN,2023,Yes,North America,Regulated,Panama,538.3848692028849,26306.14844667292,Panama,1,6.288573674672027,10.177557972085596,Panama,Latin America & Caribbean ,High income,IBRD,33915.1693306309,2022.0,0.0,65.8211343914956,2022,0,8.76630082942247,2022,0,1572.93017578,2022.0,0.0,,,,5.07771354013817,2022.0,0.0,15.213921782961,2022.0,0.0,10.43164715105888,7.361331066989558
Paraguay,PRY,2023,Yes,South America,Regulated,Paraguay,678.1557417643229,31851.13931854469,Paraguay,1,6.519376969178636,10.368828431743408,Paraguay,Latin America & Caribbean ,Upper middle income,IBRD,15222.8920228598,2022.0,0.0,68.6396537819458,2022,0,6.23091107355945,2022,0,480.02862549,2022.0,0.0,,,,19.4934654881433,2022.0,0.0,14.3967643392135,2022.0,0.0,9.630621316390389,6.1759267807881875
Peru,PER,2023,Yes,South America,Regulated,Peru,585.3579310865608,28198.014140062987,Peru,1,6.372223508140392,10.247006833881418,Peru,Latin America & Caribbean ,Upper middle income,IBRD,15566.5242612563,2022.0,0.0,84.3663554951194,2022,0,8.81067934047644,2022,0,445.10473633,2022.0,0.0,,,,12.389286796186,2022.0,0.0,32.4787651622913,2022.0,0.0,9.652942245200911,6.100553759271311
Philippines,PHL,2023,Yes,Asia,Regulated,Philippines,578.1707733725023,29353.100889300888,Philippines,1,6.359869280695717,10.287153471781105,Philippines,East Asia & Pacific,Upper middle income,IBRD,9457.10395402883,2022.0,0.0,54.7902343568327,2022,0,5.04131518299472,2022,0,182.93432617,2022.0,0.0,,,,17.2293794131524,2022.0,0.0,24.241932485757,2022.0,0.0,9.154627214265098,5.214578770907685
Poland,POL,2023,Yes,Europe,Regulated,Poland,1049.707879679356,35247.42186919817,Poland,1,6.95626719461485,10.470147667103204,Poland,Europe & Central Asia,High income,IBRD,43405.0215797441,2022.0,0.0,59.8315488048321,2022,0,19.0192157040405,2022,0,1219.29125977,2022.0,0.0,,,,17.6513214118709,2022.0,0.0,15.8902118298564,2022.0,0.0,10.678353456541203,7.1068448467504295
Portugal,PRT,2023,Yes,Europe,Regulated,Portugal,1135.9149594347314,33968.86673985778,Portugal,1,7.035193736826447,10.43319969998166,Portugal,Europe & Central Asia,High income,Not classified,41070.8611529744,2022.0,0.0,61.1259255772782,2022,0,23.688003515383,2022,0,2600.56665039,2022.0,0.0,,,,12.4622635474503,2022.0,0.0,9.24389572463552,2022.0,0.0,10.62307852252901,7.863869100386796
Qatar,QAT,2023,Yes,Asia,Regulated,Qatar,103.60821942089616,14746.926295968566,Qatar,1,4.640616664717825,9.598789953338445,Qatar,"Middle East, North Africa, Afghanistan & Pakistan",High income,Not classified,114740.12361423,2022.0,0.0,99.243997525719,2022,0,1.39110202233051,2022,0,1781.50390625,2022.0,0.0,,,,9.28538916332181,2022.0,0.0,111.914953972534,2022.0,0.0,11.65043377080645,7.48577434373065
Romania,ROU,2023,Yes,Europe,Regulated,Romania,1273.386398684444,39727.07027242912,Romania,1,7.14943508642367,10.589788105149026,Romania,Europe & Central Asia,High income,IBRD,39256.8260854977,2022.0,0.0,52.1634832477272,2022,0,19.5152470245056,2022,0,902.2677002,2022.0,0.0,,,,13.822743326618,2022.0,0.0,16.410091955998,2022.0,0.0,10.577906094048185,6.806018965960852
Russia,RUS,2023,Yes,Europe,Regulated,Russian Federation,1208.458684650001,44162.05671195808,Russia,1,7.097101012260836,10.695621253959692,Russian Federation,Europe & Central Asia,High income,IBRD,38214.69140625,2022.0,0.0,74.8544893625017,2022,0,16.0755362936472,2022,0,1082.82104492,2022.0,0.0,,,,13.1487193587336,2022.0,0.0,11.7967766756222,2022.0,0.0,10.55100148004897,6.988248080658938
Rwanda,RWA,2023,No,Africa,Not regulated,Rwanda,725.798806555082,44592.43963436255,Rwanda,0,6.587272850461115,10.70531960871427,Rwanda,Sub-Saharan Africa ,Low income,IDA,2983.10774007304,2022.0,0.0,27.7806702737761,2022,0,3.72144812515979,2022,0,57.83102036,2022.0,0.0,,,,9.19458568443561,2022.0,0.0,36.1201417686153,2022.0,0.0,8.00105606659445,4.074669272938092
Saint Kitts and Nevis,KNA,2023,No,North America,Not regulated,Saint Kitts and Nevis,788.7751949674569,34030.386452846404,Saint Kitts and Nevis,0,6.670481356251703,10.435009123670447,St. Kitts and Nevis,Latin America & Caribbean ,High income,IBRD,29749.8700864823,2022.0,0.0,31.6156404983167,2022,0,10.2356051766771,2022,0,1161.22058105,2022.0,0.0,,,,4.40400624938676,2022.0,0.0,8.26569398930937,2022.0,0.0,10.30061365715055,7.058087748183227
Saint Lucia,LCA,2023,No,North America,Not regulated,Saint Lucia,739.6706261308252,32878.833200344816,Saint Lucia,0,6.6062049872886766,10.400584361932934,St. Lucia,Latin America & Caribbean ,Upper middle income,Blend,22811.2524480383,2022.0,0.0,29.097678526676,2022,0,9.00319385169565,2022,0,622.07244873,2022.0,0.0,,,,2.28778517489663,2022.0,0.0,10.5002168552844,2022.0,0.0,10.035053058673126,6.434662802122593
Samoa,WSM,2023,No,Oceania,Not regulated,Samoa,635.3973747238421,29891.528446069067,Samoa,0,6.454250590136358,10.305330389670466,Samoa,East Asia & Pacific,Upper middle income,IDA,6450.19151677842,2022.0,0.0,17.5007949951039,2022,0,5.55629109845977,2022,0,259.95404053,2022.0,0.0,,,,4.30582023243029,2022.0,0.0,5.32741204590433,2022.0,0.0,8.772020124012572,5.564344301893671
Sao Tome and Principe,STP,2023,No,Africa,Not regulated,Sao Tome and Principe,546.6369987190603,31331.847627460163,Sao Tome and Principe,0,6.303784960041565,10.35239035531496,Sao Tome and Principe,Sub-Saharan Africa ,Lower middle income,IDA,5632.13890715047,2022.0,0.0,68.3720919798341,2022,0,3.84856719913391,2022,0,139.02836609,2022.0,0.0,,,,0.734058326876875,2022.0,0.0,14.9991986078849,2022.0,0.0,8.636422098123864,4.941845017014243
Saudi Arabia,SAU,2023,Yes,Asia,Regulated,Saudi Arabia,299.0189526386412,21941.097680278017,Saudi Arabia,1,5.70050695813314,9.996116763584002,Saudi Arabia,"Middle East, North Africa, Afghanistan & Pakistan",High income,Not classified,67178.5902274906,2022.0,0.0,84.1349430023993,2022,0,2.70249417477226,2022,0,1830.89074707,2022.0,0.0,,,,15.1155743681524,2022.0,0.0,77.7937502863318,2022.0,0.0,11.115124763527119,7.513103907576965
Senegal,SEN,2023,No,Africa,Not regulated,Senegal,545.9839066492503,36399.654743844,Senegal,0,6.302589500309136,10.502314568520616,Senegal,Sub-Saharan Africa ,Lower middle income,IDA,4228.73382643662,2022.0,0.0,53.4435061024348,2022,0,3.56339204411192,2022,0,63.44842529,2022.0,0.0,,,,15.5609051361032,2022.0,0.0,39.328601950874,2022.0,0.0,8.349894344868162,4.16586529603783
Serbia,SRB,2023,Yes,Europe,Regulated,Serbia,1334.663883005549,39134.59924558501,Serbia,1,7.196434766104648,10.574762245879493,Serbia,Europe & Central Asia,Upper middle income,IBRD,24651.8478183529,2022.0,0.0,61.9013813540396,2022,0,22.0776743361109,2022,0,843.57733154,2022.0,0.0,,,,14.8395402509133,2022.0,0.0,19.5487459666309,2022.0,0.0,10.112647702954046,6.738836302854795
Sierra Leone,SLE,2023,No,Africa,Not regulated,Sierra Leone,977.7932021263952,66089.90546567558,Sierra Leone,0,6.885298197907651,11.098771298075755,Sierra Leone,Sub-Saharan Africa ,Low income,IDA,2934.7332634039,2022.0,0.0,44.2666343543487,2022,0,3.17537929635059,2022,0,41.31875229,2022.0,0.0,,,,7.00369132025097,2022.0,0.0,22.3654861743939,2022.0,0.0,7.984712535267993,3.7452303043649464
Singapore,SGP,2023,No,Asia,Not regulated,Singapore,473.27590533705,20819.87665661938,Singapore,0,6.159678527813799,9.943663417877609,Singapore,East Asia & Pacific,High income,Not classified,134828.001392614,2022.0,0.0,100.0,2022,0,12.6908966015146,2022,0,3902.14428711,2022.0,0.0,,,,19.6980886706733,2022.0,0.0,15.0924840424926,2022.0,0.0,11.811762598182344,8.269537734755056
Slovakia,SVK,2023,Yes,Europe,Regulated,Slovakia,998.9974573517336,34477.49783940802,Slovakia,1,6.906752233451854,10.448062153681766,Slovak Republic,Europe & Central Asia,High income,Not classified,38648.9855746919,2022.0,0.0,53.1902831072528,2022,0,17.5706371952843,2022,0,1642.39208984,2022.0,0.0,,,,17.3506431084601,2022.0,0.0,13.7526914267728,2022.0,0.0,10.56230168078631,7.404517732195981
Slovenia,SVN,2023,Yes,Europe,Regulated,Slovenia,1020.9718410430096,32707.76516150696,Slovenia,1,6.928510238002759,10.395367795407338,Slovenia,Europe & Central Asia,High income,Not classified,47058.8865960028,2022.0,0.0,55.3377817873563,2022,0,20.8812714279501,2022,0,2737.84936523,2022.0,0.0,,,,19.934678378123,2022.0,0.0,13.6531875986125,2022.0,0.0,10.759176252503753,7.915293171485668
Solomon Islands,SLB,2023,No,Oceania,Not regulated,Solomon Islands,819.1762083524335,37108.932699967394,Solomon Islands,0,6.708299211324968,10.521612993198246,Solomon Islands,East Asia & Pacific,Lower middle income,IDA,2330.40164523401,2022.0,0.0,29.3511689856806,2022,0,3.62869463015929,2022,0,96.74864197,2022.0,0.0,,,,10.1059105801254,2022.0,0.0,9.82858130237828,2022.0,0.0,7.7542249301704835,4.582399305878942
South Africa,ZAF,2023,Yes,Africa,Regulated,South Africa,892.2505338181792,46751.97530845904,South Africa,1,6.793746960653284,10.752611786411578,South Africa,Sub-Saharan Africa ,Upper middle income,IBRD,13767.4967589936,2022.0,0.0,63.4766699210327,2022,0,6.3616265627803,2022,0,570.48028564,2022.0,0.0,,,,12.4454055010392,2022.0,0.0,28.5062817047988,2022.0,0.0,9.530138417934381,6.348229986821848
South Korea,KOR,2023,Yes,Asia,Regulated,Republic of Korea,683.032235015914,25966.968913513305,South Korea,1,6.526542054673649,10.164580582924527,"Korea, Rep.",East Asia & Pacific,High income,Not classified,53228.6035655365,2022.0,0.0,81.1624941626873,2022,0,17.4846463366305,2022,0,3078.55151367,2022.0,0.0,,,,26.4977408590265,2022.0,0.0,23.4407513786108,2022.0,0.0,10.8823699785632,8.032539252920294
Spain,ESP,2023,Yes,Europe,Regulated,Spain,932.2041477615552,29692.66610024221,Spain,1,6.837551833361863,10.298655361646126,Spain,Europe & Central Asia,High income,Not classified,46733.4809780536,2022.0,0.0,79.9548794567814,2022,0,20.1879992491906,2022,0,2948.61474609,2022.0,0.0,,,,11.0279875249207,2022.0,0.0,11.9338447646942,2022.0,0.0,10.75223752191799,7.989429846259893
Sri Lanka,LKA,2023,Yes,Asia,Regulated,Sri Lanka,801.1897213889325,29926.289939193568,Sri Lanka,1,6.686097774689067,10.30649263523461,Sri Lanka,South Asia,Upper middle income,IDA,13249.0650505201,2022.0,0.0,19.9877933196367,2022,0,11.3824347880542,2022,0,130.09327698,2022.0,0.0,,,,19.6510544330762,2022.0,0.0,24.0274945850207,2022.0,0.0,9.491757740875531,4.875909107837621
Sudan,SDN,2023,No,Africa,Not regulated,Sudan,644.854112892163,35687.78694375005,Sudan,0,6.469024109650327,10.482563806821384,Sudan,Sub-Saharan Africa ,Low income,IDA,3132.0771484375,2022.0,0.0,34.7209852053086,2022,0,3.12501104243737,2022,0,25.75139618,2022.0,0.0,,,,,,,39.0125504379439,2022.0,0.0,8.049770915110393,3.2865866656248346
Suriname,SUR,2023,No,South America,Not regulated,Suriname,758.7539116400536,36404.42069831488,Suriname,0,6.63167749773446,10.502445494006556,Suriname,Latin America & Caribbean ,Upper middle income,Blend,18742.5873760369,2022.0,0.0,65.8985443115234,2022,0,7.3556078335719,2022,0,344.74603271,2022.0,0.0,,,,27.6729726702699,2022.0,0.0,16.0523575757927,2022.0,0.0,9.838606966289593,5.845704496032181
Sweden,SWE,2023,Yes,Europe,Regulated,Sweden,890.862507123236,28501.077620470794,Sweden,1,6.792190102570333,10.257697176786504,Sweden,Europe & Central Asia,High income,Not classified,62544.5002248644,2022.0,0.0,88.4038576504809,2022,0,20.3419018248482,2022,0,6022.39257813,2022.0,0.0,,,,13.686213930746,2022.0,0.0,5.68785506406734,2022.0,0.0,11.043649574456245,8.703405930751918
Switzerland,CHE,2023,Yes,Europe,Regulated,Switzerland,795.7201370061277,27023.941292609645,Switzerland,1,6.679247537347578,10.204478466628467,Switzerland,Europe & Central Asia,High income,Not classified,85762.2829174304,2022.0,0.0,84.9206266284521,2022,0,19.2186649457438,2022,0,10930.13964844,2022.0,0.0,,,,19.9238153481674,2022.0,0.0,10.174784111954,2022.0,0.0,11.359346255859158,9.299370843661869
Syria,SYR,2023,No,Asia,Not regulated,Syrian Arab Republic,527.8945120600107,28605.732929429832,Syria,0,6.268896475980896,10.261362428798076,Syrian Arab Republic,"Middle East, North Africa, Afghanistan & Pakistan",Low income,IDA,4579.43973633341,2022.0,0.0,72.6124992370605,2022,0,4.66656330771211,2022,0,53.26486588,2022.0,0.0,,,,,,,35.372994873473,2022.0,0.0,8.429550284799216,3.9938769803202443
Tajikistan,TJK,2023,No,Asia,Not regulated,Tajikistan,470.3462044621241,26277.85061031923,Tajikistan,0,6.153469028782178,10.17648168121412,Tajikistan,Europe & Central Asia,Lower middle income,IDA,4213.75618362687,2022.0,0.0,26.1957126615618,2022,0,3.47287654894973,2022,0,78.61326599,2022.0,0.0,,,,15.1406689868228,2022.0,0.0,34.3869193134356,2022.0,0.0,8.346347023834491,4.377180737130237
Tanzania,TZA,2023,Yes,Africa,Regulated,United Republic of Tanzania,554.1454733479388,36953.4126856482,Tanzania,1,6.3174272395479285,10.517413281668928,Tanzania,Sub-Saharan Africa ,Lower middle income,IDA,3546.98095703125,2022.0,0.0,34.8234736377147,2022,0,3.03504980952398,2022,0,35.93323135,2022.0,0.0,,,,8.18310234075459,2022.0,0.0,21.8389520235848,2022.0,0.0,8.17413397617472,3.609111724359673
Thailand,THA,2023,Yes,Asia,Regulated,Thailand,900.0932585887313,35217.93705274542,Thailand,1,6.802498378610207,10.46931080715884,Thailand,East Asia & Pacific,Upper middle income,IBRD,20768.4800093577,2022.0,0.0,59.742374420166,2022,0,14.0967841661394,2022,0,369.97647095,2022.0,0.0,,,,27.0303300560283,2022.0,0.0,23.7248825508583,2022.0,0.0,9.941239880897527,5.9161386399763165
Timor-Leste,TLS,2023,No,Asia,Not regulated,Timor-Leste,633.4799750228385,34320.83403494153,Timor-Leste,0,6.451228389195032,10.443507855024029,Timor-Leste,East Asia & Pacific,Lower middle income,Blend,5348.49182701353,2022.0,0.0,28.5857292288968,2022,0,5.40526131868541,2022,0,174.91529846,2022.0,0.0,,,,1.29056913577788,2022.0,0.0,12.7214619688248,2022.0,0.0,8.584756849773687,5.170002620445992
Togo,TGO,2023,No,Africa,Not regulated,Togo,733.9031497991233,48053.12105771243,Togo,0,6.598377071405989,10.780062366663865,Togo,Sub-Saharan Africa ,Lower middle income,IDA,3086.40878742334,2022.0,0.0,42.7332327975627,2022,0,3.61433732873147,2022,0,55.79545593,2022.0,0.0,,,,11.6124998586211,2022.0,0.0,35.8141758880983,2022.0,0.0,8.035087437964894,4.039456321294442
Trinidad and Tobago,TTO,2023,Yes,North America,Regulated,Trinidad and Tobago,998.8685398961018,39639.21108568887,Trinidad and Tobago,1,6.906623178294013,10.58757408627032,Trinidad and Tobago,Latin America & Caribbean ,High income,IBRD,30784.1112580356,2022.0,0.0,53.9474037904998,2022,0,11.3581160508757,2022,0,1266.28820801,2022.0,0.0,,,,17.5375492099424,2022.0,0.0,14.4879289551393,2022.0,0.0,10.334786451372745,7.144634627231346
Tunisia,TUN,2023,No,Africa,Not regulated,Tunisia,648.3373192314019,30385.179235603395,Tunisia,0,6.474411115280297,10.321710243370664,Tunisia,"Middle East, North Africa, Afghanistan & Pakistan",Lower middle income,IBRD,12712.22345453,2022.0,0.0,69.707138648303,2022,0,8.83897616977039,2022,0,276.46380615,2022.0,0.0,,,,15.6275077181244,2022.0,0.0,22.397309689228,2022.0,0.0,9.45039794764848,5.625690496391692
Turkey,TUR,2023,No,Asia,Not regulated,Türkiye,692.3790485622819,29726.76354059459,Turkey,0,6.540133563690976,10.299803048330473,Turkiye,Europe & Central Asia,Upper middle income,IBRD,33520.8111384208,2022.0,0.0,89.0381164550781,2022,0,9.71952040624191,2022,0,385.87997437,2022.0,0.0,,,,21.8019507331825,2022.0,0.0,27.691660845571,2022.0,0.0,10.419951584712166,5.9581145011784935
Tuvalu,TUV,2023,No,Oceania,Not regulated,Tuvalu,1140.110484952139,47840.81936699732,Tuvalu,0,7.038880453317112,10.77563451571441,Tuvalu,East Asia & Pacific,Upper middle income,IDA,5044.53984578911,2022.0,0.0,63.3065768081154,2022,0,5.88470776621297,2022,0,1300.46679688,2022.0,0.0,,,,,,,5.40102031406572,2022.0,0.0,8.52625993316586,7.1712472126839195
Uganda,UGA,2023,No,Africa,Not regulated,Uganda,634.787970628686,45123.78520373633,Uganda,0,6.45329103861241,10.71716477457999,Uganda,Sub-Saharan Africa ,Low income,IDA,2724.90609568409,2022.0,0.0,29.9251969709665,2022,0,2.11520498203448,2022,0,44.47286224,2022.0,0.0,,,,16.371869705691,2022.0,0.0,31.8919228193081,2022.0,0.0,7.91055616400507,3.8171157137335063
Ukraine,UKR,2023,Yes,Europe,Regulated,Ukraine,1357.1129030939846,47790.921877297806,Ukraine,1,7.213114856885309,10.774590981557688,Ukraine,Europe & Central Asia,Upper middle income,IBRD,13787.12109375,2022.0,0.0,69.42345912103,2022,0,17.8569387445167,2022,0,369.90487671,2021.0,1.0,,,,7.6035757191006,2022.0,0.0,14.0233703256144,2022.0,0.0,9.531562710144607,5.915945632724016
United Arab Emirates,ARE,2023,Yes,Asia,Regulated,United Arab Emirates,140.31840957073308,16890.602198366312,United Arab Emirates,1,4.943914194257566,9.734512663302802,United Arab Emirates,"Middle East, North Africa, Afghanistan & Pakistan",High income,Not classified,70075.63837395,2022.0,0.0,85.5147347682487,2022,0,1.63973912932682,2022,0,2240.9050293,2022.0,0.0,,,,8.54436252357344,2022.0,0.0,67.6947186324117,2022.0,0.0,11.157344756051504,7.715081242922236
United Kingdom,GBR,2023,Yes,Europe,Regulated,United Kingdom,965.303060625913,32245.89182363657,United Kingdom,1,6.87244210449692,10.381145928796126,United Kingdom,Europe & Central Asia,High income,Not classified,53979.7679116234,2022.0,0.0,83.0753982997505,2022,0,18.9303147227989,2022,0,5111.81738281,2022.0,0.0,,,,7.9613351523025,2022.0,0.0,10.016644435978,2022.0,0.0,10.896383112325262,8.539505878191425
United States,USA,2023,Yes,North America,Regulated,United States of America,921.7426957781304,36739.51239885122,United States,1,6.826266112784652,10.511608087011238,United States,North America,High income,Not classified,72828.7430907189,2022.0,0.0,80.0324978239707,2022,0,16.9196203896458,2022,0,12586.19628906,2022.0,0.0,,,,10.5250313827085,2021.0,1.0,7.4282378905124,2022.0,0.0,11.195879709685746,9.44043540875639
Uruguay,URY,2023,Yes,South America,Regulated,Uruguay,1022.7097309437244,34235.44395411377,Uruguay,1,6.930210982720963,10.441016759314335,Uruguay,Latin America & Caribbean ,High income,IBRD,30840.0709827676,2022.0,0.0,95.4977416992188,2022,0,15.6134055931249,2022,0,1850.80737305,2022.0,0.0,,,,10.5006057676031,2022.0,0.0,11.789659192261,2022.0,0.0,10.336602554141987,7.523917399564504
Vanuatu,VUT,2023,No,Oceania,Not regulated,Vanuatu,578.7263479133724,29937.59742087785,Vanuatu,0,6.360829737029054,10.306870408290036,Vanuatu,East Asia & Pacific,Lower middle income,IDA,3658.51871182046,2022.0,0.0,22.2541249733107,2022,0,4.14986272007513,2022,0,136.79508972,2022.0,0.0,,,,3.83000180624962,2022.0,0.0,7.28588304103265,2022.0,0.0,8.205086918245987,4.925767724562961
Vietnam,VNM,2023,Yes,Asia,Regulated,Viet Nam,655.816252880454,28482.600686638943,Vietnam,1,6.485880647391728,10.257048677601183,Viet Nam,East Asia & Pacific,Upper middle income,IBRD,12979.7638983711,2022.0,0.0,37.5478515625,2022,0,8.23004774597438,2022,0,188.22650146,2022.0,0.0,,,,24.6563821395791,2022.0,0.0,25.5235044035632,2022.0,0.0,9.471223840481002,5.2429447179503805
Yemen,YEM,2023,No,Asia,Not regulated,Yemen,417.1457643140958,31635.94458414445,Yemen,0,6.033435715428849,10.362049239967034,"Yemen, Rep.","Middle East, North Africa, Afghanistan & Pakistan",Low income,IDA,,,,36.3226310308295,2022,0,2.50407638745023,2022,0,54.29036331,2022.0,0.0,,,,,,,47.1146493200055,2022.0,0.0,,4.012598631317582
Zambia,ZMB,2023,No,Africa,Not regulated,Zambia,702.5829332931105,48087.57268441758,Zambia,0,6.554763448749782,10.780779058562764,Zambia,Sub-Saharan Africa ,Lower middle income,IDA,3585.12379084347,2022.0,0.0,44.5988511178469,2022,0,1.85608917171283,2022,0,75.40128326,2022.0,0.0,,,,7.99635289190961,2022.0,0.0,23.4901848842686,2022.0,0.0,8.184827174161413,4.3359994926282726
Zimbabwe,ZWE,2023,No,Africa,Not regulated,Zimbabwe,724.1324206009655,45601.08710175983,Zimbabwe,0,6.584974277043846,10.727686835169184,Zimbabwe,Sub-Saharan Africa ,Lower middle income,Blend,5036.78317732239,2022.0,0.0,38.7055207169041,2022,0,3.6082270050035,2022,0,68.90727997,2022.0,0.0,,,,18.0604469295427,2022.0,0.0,17.3901790946352,2022.0,0.0,8.524721418535522,4.247169792171494
