country,iso_code,Year,regulation,region,regulation_label,ihme_country,death_rate,daly_rate,country_for_merge,reg_binary,log_death_rate,log_daly_rate
Afghanistan,AFG,2023,No,Asia,Not regulated,Afghanistan,491.4936660836482,39881.46184796041,Afghanistan,0,6.197449052594008,10.593666879571467
Albania,ALB,2023,Yes,Europe,Regulated,Albania,866.4986528081694,30537.38335588021,Albania,1,6.76446055440335,10.326706895857685
Algeria,DZA,2023,Yes,Africa,Regulated,Algeria,522.6764988904783,26867.01233354585,Algeria,1,6.258962723718008,10.198654505756716
Andorra,AND,2023,No,Europe,Not regulated,Andorra,731.3025282744549,27336.90741043397,Andorra,0,6.594827229503878,10.215992987948395
Angola,AGO,2023,No,Africa,Not regulated,Angola,678.1376717763378,48652.57946089073,Angola,0,6.519350323044686,10.792460106987443
Antigua and Barbuda,ATG,2023,No,North America,Not regulated,Antigua and Barbuda,681.98707113361,30359.89163678906,Antigua and Barbuda,0,6.5250107003816735,10.320877662227474
Argentina,ARG,2023,Yes,South America,Regulated,Argentina,786.1304774319902,29388.6752859034,Argentina,1,6.667122780474299,10.288364684763343
Armenia,ARM,2023,Yes,Asia,Regulated,Armenia,813.1452016272904,30462.12318768307,Armenia,1,6.700909693388332,10.324239328146101
Australia,AUS,2023,Yes,Oceania,Regulated,Australia,675.9949463626017,27082.778024488038,Australia,1,6.516185600220052,10.20665330760246
Austria,AUT,2023,Yes,Europe,Regulated,Austria,976.5796329139432,30801.580332861715,Austria,1,6.884056296314803,10.335321277153875
Azerbaijan,AZE,2023,No,Asia,Not regulated,Azerbaijan,661.3263720478753,32339.65391624171,Azerbaijan,0,6.494247472984023,10.384049431658925
Bahrain,BHR,2023,No,Asia,Not regulated,Bahrain,300.5232261477566,20747.057823288887,Bahrain,0,5.705525042661482,9.94015972395673
Bangladesh,BGD,2023,Yes,Asia,Regulated,Bangladesh,626.9874168786444,32050.302676122017,Bangladesh,1,6.440926471657448,10.375061906176985
Barbados,BRB,2023,No,North America,Not regulated,Barbados,1082.3166073201462,37341.25712750408,Barbados,0,6.986859029653621,10.527854083575164
Belarus,BLR,2023,Yes,Europe,Regulated,Belarus,1293.7255266460336,42154.490149378784,Belarus,1,7.165281340232658,10.649096485618205
Belgium,BEL,2023,Yes,Europe,Regulated,Belgium,962.1476231227806,30620.536156561622,Belgium,1,6.869167893282371,10.329426179070186
Belize,BLZ,2023,No,North America,Not regulated,Belize,488.9393134843013,27749.51792986344,Belize,0,6.192238378469333,10.230973747126875
Benin,BEN,2023,No,Africa,Not regulated,Benin,672.8895709810423,48147.86898768963,Benin,0,6.511581231457794,10.782032158462643
Bhutan,BTN,2023,No,Asia,Not regulated,Bhutan,667.3283804159244,31906.881852530405,Bhutan,0,6.503282249225354,10.370576997560367
Bosnia and Herzegovina,BIH,2023,No,Europe,Not regulated,Bosnia and Herzegovina,1182.9526813812038,37910.2123168161,Bosnia and Herzegovina,0,7.075768864345956,10.54297580904379
Brazil,BRA,2023,Yes,South America,Regulated,Brazil,693.2238067410108,32898.25896631066,Brazil,1,6.541352900501895,10.401175016396083
Bulgaria,BGR,2023,Yes,Europe,Regulated,Bulgaria,1470.9879047000022,44102.6483953104,Bulgaria,1,7.293689498065935,10.694275113947178
Burkina Faso,BFA,2023,No,Africa,Not regulated,Burkina Faso,649.3669619775732,46975.922601605766,Burkina Faso,0,6.475997983686524,10.75739046435715
Burundi,BDI,2023,No,Africa,Not regulated,Burundi,799.5039143620558,58456.0815570902,Burundi,0,6.683991428274601,10.976031008657746
Cambodia,KHM,2023,No,Asia,Not regulated,Cambodia,593.5497455718115,30346.69891019745,Cambodia,0,6.386121027844429,10.32044302319799
Cameroon,CMR,2023,Yes,Africa,Regulated,Cameroon,774.5025462277397,52431.50921287868,Cameroon,1,6.6522209474276845,10.867263010444654
Canada,CAN,2023,Yes,North America,Regulated,Canada,836.2277010380154,31742.33706533037,Canada,1,6.7289009456615165,10.365406622917632
Central African Republic,CAF,2023,No,Africa,Not regulated,Central African Republic,1178.8557626887318,84291.07252717185,Central African Republic,0,7.072299554366981,11.342031237162228
Chad,TCD,2023,No,Africa,Not regulated,Chad,1030.9721187123475,76592.14815901191,Chad,0,6.938257440695277,11.2462498460232
Chile,CHL,2023,Yes,South America,Regulated,Chile,633.8814573628148,26998.64257285439,Chile,1,6.451861961186647,10.203541868643166
China,CHN,2023,Yes,Asia,Regulated,China,745.1737830254323,27370.404975469144,China,1,6.613617456983271,10.21721759825223
Colombia,COL,2023,Yes,South America,Regulated,Colombia,513.0738510107303,26232.72075785533,Colombia,1,6.240419793894899,10.174762794430006
Comoros,COM,2023,No,Africa,Not regulated,Comoros,491.87488465961314,30845.721989285277,Comoros,0,6.198224384680383,10.336753348381803
Congo,COG,2023,No,Africa,Not regulated,Congo,704.3191576164811,44953.53982519587,Congo,0,6.55723160231353,10.71338478708157
Costa Rica,CRI,2023,Yes,North America,Regulated,Costa Rica,560.3041344635624,26965.774246907997,Costa Rica,1,6.328479733561616,10.20232372039112
Cote d'Ivoire,CIV,2023,No,Africa,Not regulated,Côte d'Ivoire,700.6014156829295,50712.39143737392,Cote d'Ivoire,0,6.551939131433525,10.833925566765533
Croatia,HRV,2023,Yes,Europe,Regulated,Croatia,1334.8702849101076,39269.541775934194,Croatia,1,7.196589401252196,10.578204478951244
Cuba,CUB,2023,Yes,North America,Regulated,Cuba,1021.0456407985996,34926.58487652127,Cuba,1,6.928582519220994,10.461003562523501
Cyprus,CYP,2023,Yes,Asia,Regulated,Cyprus,738.9440267094197,25977.14823405069,Cyprus,1,6.605222176143804,10.164972516457203
Czechia,CZE,2023,Yes,Europe,Regulated,Czechia,1036.6564926725582,33949.4634165483,Czechia,1,6.943755902314784,10.432628327752907
Democratic Republic of Congo,COD,2023,No,Africa,Not regulated,Democratic Republic of the Congo,827.8113375282734,56135.11949350348,Democratic Republic of Congo,0,6.718785275196047,10.935516911571534
Denmark,DNK,2023,Yes,Europe,Regulated,Denmark,991.3867195134156,30931.63475251574,Denmark,1,6.899104689807237,10.339534717580706
Djibouti,DJI,2023,No,Africa,Not regulated,Djibouti,610.0128933562213,39888.1193434299,Djibouti,0,6.413480093593524,10.593833797722107
Dominica,DMA,2023,Yes,North America,Regulated,Dominica,942.4162086110942,34505.96640491582,Dominica,1,6.848447012039626,10.448887527340101
Ecuador,ECU,2023,Yes,South America,Regulated,Ecuador,571.3638082488354,29479.33740610072,Ecuador,1,6.348026149059216,10.29144487000254
Egypt,EGY,2023,Yes,Africa,Regulated,Egypt,620.5697715712599,30364.73728004956,Egypt,1,6.430638042434916,10.321037256229355
El Salvador,SLV,2023,No,North America,Not regulated,El Salvador,761.133250780995,33613.41844055413,El Salvador,0,6.634808442114352,10.422680624578799
Estonia,EST,2023,Yes,Europe,Regulated,Estonia,1204.331091869229,36800.81734149,Estonia,1,7.093679581311922,10.513275334276951
Eswatini,SWZ,2023,No,Africa,Not regulated,Eswatini,996.2461777903872,57693.78952829716,Eswatini,0,6.903994393500214,10.96290481287825
Ethiopia,ETH,2023,Yes,Africa,Regulated,Ethiopia,699.3798141768957,45889.64552101202,Ethiopia,1,6.550193962584083,10.733994782822371
Fiji,FJI,2023,No,Oceania,Not regulated,Fiji,894.3005479586715,39781.34238923753,Fiji,0,6.7960419020754985,10.591153297168857
Finland,FIN,2023,Yes,Europe,Regulated,Finland,1102.6277881799006,33119.18947433773,Finland,1,7.005451508250397,10.407868135806558
France,FRA,2023,Yes,Europe,Regulated,France,907.1265673023064,30100.34204123608,France,1,6.810281985365646,10.312291814168619
Gabon,GAB,2023,No,Africa,Not regulated,Gabon,745.2622401952981,42183.69015484912,Gabon,0,6.613736156704147,10.649788936096309
Gambia,GMB,2023,No,Africa,Not regulated,Gambia,634.3969653239628,42041.40457680703,Gambia,0,6.452674886771938,10.64641023491819
Georgia,GEO,2023,Yes,Asia,Regulated,Georgia,1218.4192177884129,39833.26193371865,Georgia,1,7.105309574428008,10.59245756922504
Germany,DEU,2023,Yes,Europe,Regulated,Germany,1210.9533486442133,35278.85297997194,Germany,1,7.099163219808761,10.471038997686646
Ghana,GHA,2023,No,Africa,Not regulated,Ghana,719.9273416486532,42507.81489993666,Ghana,0,6.579150292541032,10.657443218007163
Greece,GRC,2023,Yes,Europe,Regulated,Greece,1236.7362113428942,35604.803168299266,Greece,1,7.120231100939455,10.48023582819702
Guatemala,GTM,2023,No,North America,Not regulated,Guatemala,537.3443862388858,31295.123827194828,Guatemala,0,6.286639204110391,10.351217576123457
Guinea,GIN,2023,No,Africa,Not regulated,Guinea,845.2766416878607,57133.3042276744,Guinea,0,6.739663960390724,10.95314248704364
Guinea-Bissau,GNB,2023,No,Africa,Not regulated,Guinea-Bissau,804.5937438242108,54863.698026480575,Guinea-Bissau,0,6.690337483974908,10.912607170649945
Guyana,GUY,2023,Yes,South America,Regulated,Guyana,830.8140376730757,40391.42220047913,Guyana,1,6.722405988432485,10.606372719635464
Haiti,HTI,2023,No,North America,Not regulated,Haiti,935.2863781836796,55458.73179045157,Haiti,0,6.840852769219917,10.923394451805024
Honduras,HND,2023,No,North America,Not regulated,Honduras,443.25911767735306,24653.400984387456,Honduras,0,6.094154514798826,10.112670140922782
Hungary,HUN,2023,Yes,Europe,Regulated,Hungary,1324.5372407814332,40607.22940565903,Hungary,1,7.188818425177127,10.611701393917073
Iceland,ISL,2023,Yes,Europe,Regulated,Iceland,664.7876789465762,25462.97691932607,Iceland,1,6.499467709895629,10.144980790622826
India,IND,2023,Yes,Asia,Regulated,India,682.0642484630768,33556.58235279176,India,1,6.5251238593639505,10.420988318470254
Iraq,IRQ,2023,Yes,Asia,Regulated,Iraq,506.4192768186972,30386.04121115306,Iraq,1,6.2273649364930925,10.321738611257418
Ireland,IRL,2023,Yes,Europe,Regulated,Ireland,668.181486455389,25472.44766658214,Ireland,1,6.504559822947066,10.14535266333979
Israel,ISR,2023,Yes,Asia,Regulated,Israel,508.5350234527624,21103.29599585149,Israel,1,6.2315340891300695,9.957184515599101
Italy,ITA,2023,Yes,Europe,Regulated,Italy,1141.666542440329,32402.57241097848,Italy,1,7.04024435321682,10.385993094029343
Jamaica,JAM,2023,Yes,North America,Regulated,Jamaica,711.2028622325878,31231.428571443124,Jamaica,1,6.566957708703109,10.349180192792979
Japan,JPN,2023,No,Asia,Not regulated,Japan,1297.34579625788,34052.62452574769,Japan,0,7.1680757611624655,10.435662387190156
Jordan,JOR,2023,Yes,Asia,Regulated,Jordan,310.0292696957682,20458.212822777503,Jordan,1,5.736666711395504,9.926139685875029
Kazakhstan,KAZ,2023,Yes,Asia,Regulated,Kazakhstan,643.1143844821116,29374.611101453665,Kazakhstan,1,6.466322600301822,10.287886012259372
Kenya,KEN,2023,Yes,Africa,Regulated,Kenya,536.2814075503861,33645.413848561526,Kenya,1,6.284659037385667,10.423632035994428
Kuwait,KWT,2023,Yes,Asia,Regulated,Kuwait,195.5576160442604,18390.29045594147,Kuwait,1,5.275855047230436,9.819578111706454
Kyrgyzstan,KGZ,2023,Yes,Asia,Regulated,Kyrgyzstan,435.6983193325104,24406.853645313688,Kyrgyzstan,1,6.076950075719837,10.102619258942916
Laos,LAO,2023,Yes,Asia,Regulated,Lao People's Democratic Republic,801.1341045121632,40197.887897402485,Laos,1,6.686028354418466,10.601569733361236
Latvia,LVA,2023,Yes,Europe,Regulated,Latvia,1471.8354072259956,43967.480690024335,Latvia,1,7.294265477293766,10.69120556442294
Lebanon,LBN,2023,Yes,Asia,Regulated,Lebanon,532.0731711721944,27188.084681078744,Lebanon,1,6.2767810196812714,10.210534093110741
Lesotho,LSO,2023,No,Africa,Not regulated,Lesotho,1185.465991120336,62912.74708761376,Lesotho,0,7.077891217721836,11.049504078557352
Liberia,LBR,2023,No,Africa,Not regulated,Liberia,841.518548763522,58141.75410682586,Liberia,0,6.735208055887657,10.970639344053792
Liechtenstein,LIE,2023,Yes,Europe,Regulated,,,,,1,,
Lithuania,LTU,2023,Yes,Europe,Regulated,Lithuania,1362.068853201853,42081.56551268139,Lithuania,1,7.216760038443336,10.6473650499677
Luxembourg,LUX,2023,Yes,Europe,Regulated,Luxembourg,650.4812104689405,24742.12575421925,Luxembourg,1,6.477712412783567,10.116262566031283
Madagascar,MDG,2023,No,Africa,Not regulated,Madagascar,748.2113603640832,48815.46166189659,Madagascar,0,6.61768550539151,10.795802378992837
Malawi,MWI,2023,Yes,Africa,Regulated,Malawi,751.5567346849618,48307.55842919885,Malawi,1,6.622146701599509,10.78534331661487
Malaysia,MYS,2023,No,Asia,Not regulated,Malaysia,560.428057394469,24851.59902103796,Malaysia,0,6.328700879937729,10.120677376377657
Maldives,MDV,2023,No,Asia,Not regulated,Maldives,353.97926955282014,18521.442482986877,Maldives,0,5.869238350833783,9.826684393017333
Mali,MLI,2023,No,Africa,Not regulated,Mali,817.7542685589544,62325.43047987096,Mali,0,6.706561886287418,11.04012481538549
Malta,MLT,2023,Yes,Europe,Regulated,Malta,732.6106496843163,26251.971515168843,Malta,1,6.596614387072684,10.175496370539271
Mauritius,MUS,2023,No,Africa,Not regulated,Mauritius,1008.9887331791294,38384.207926888426,Mauritius,0,6.91670385396731,10.555401402084614
Mexico,MEX,2023,Yes,North America,Regulated,Mexico,603.8913106867179,31125.6931127651,Mexico,1,6.40339423254784,10.345788902202282
Moldova,MDA,2023,No,Europe,Not regulated,Republic of Moldova,1060.8132551100343,38357.78623252169,Moldova,0,6.9667911147438355,10.554712817022416
Monaco,MCO,2023,Yes,Europe,Regulated,Monaco,1394.3865701093996,38192.86717664944,Monaco,1,7.240209862855212,10.550404054035374
Mongolia,MNG,2023,No,Asia,Not regulated,Mongolia,534.3706133997774,28626.362165215884,Mongolia,0,6.28108963081481,10.262083326282097
Montenegro,MNE,2023,Yes,Europe,Regulated,Montenegro,1068.2142429638,35063.84346255381,Montenegro,1,6.973743601428274,10.464925777753573
Morocco,MAR,2023,Yes,Africa,Regulated,Morocco,757.5187401203378,32428.628243918967,Morocco,1,6.630048276510299,10.386796899421814
Mozambique,MOZ,2023,No,Africa,Not regulated,Mozambique,696.2216280943865,49891.2020432166,Mozambique,0,6.545668040816071,10.817599954435678
Myanmar,MMR,2023,No,Asia,Not regulated,Myanmar,988.0771747943952,45686.52313144748,Myanmar,0,6.89576080683735,10.72955863473572
Nepal,NPL,2023,Yes,Asia,Regulated,Nepal,579.3302395701672,31090.9762251966,Nepal,1,6.361872676930369,10.34467290253399
Netherlands,NLD,2023,Yes,Europe,Regulated,Netherlands,954.7776708610112,31344.981031258627,Netherlands,1,6.86147850799621,10.352809438547848
New Zealand,NZL,2023,Yes,Oceania,Regulated,New Zealand,757.6178524967801,28829.324409996087,New Zealand,1,6.630179106135913,10.269148356781606
Nicaragua,NIC,2023,No,North America,Not regulated,Nicaragua,432.2444583940535,25480.58431436113,Nicaragua,0,6.068991304108872,10.145672041697928
Niger,NER,2023,No,Africa,Not regulated,Niger,1022.972541929646,79989.57625840165,Niger,0,6.930467924857924,11.289651608396678
Nigeria,NGA,2023,No,Africa,Not regulated,Nigeria,728.0564705666791,54295.82226658995,Nigeria,0,6.590378614648055,10.902202564961962
North Macedonia,MKD,2023,Yes,Europe,Regulated,North Macedonia,1135.2409838180006,36000.05921116155,North Macedonia,1,7.03460022792318,10.491275862191381
Norway,NOR,2023,Yes,Europe,Regulated,Norway,795.0214161050685,27338.090956896427,Norway,1,6.6783690527884385,10.21603628183035
Oman,OMN,2023,Yes,Asia,Regulated,Oman,239.22444765000387,18333.072283910074,Oman,1,5.477402222748475,9.816461936385672
Pakistan,PAK,2023,Yes,Asia,Regulated,Pakistan,562.9626426805124,36376.647550209615,Pakistan,1,6.333213271907103,10.501682296924628
Palau,PLW,2023,No,Oceania,Not regulated,Palau,1105.6821297169226,44773.393973753344,Palau,0,7.0082177354542186,10.709369357469383
Panama,PAN,2023,Yes,North America,Regulated,Panama,538.3848692028849,26306.14844667292,Panama,1,6.288573674672027,10.177557972085596
Paraguay,PRY,2023,Yes,South America,Regulated,Paraguay,678.1557417643229,31851.13931854469,Paraguay,1,6.519376969178636,10.368828431743408
Peru,PER,2023,Yes,South America,Regulated,Peru,585.3579310865608,28198.014140062987,Peru,1,6.372223508140392,10.247006833881418
Philippines,PHL,2023,Yes,Asia,Regulated,Philippines,578.1707733725023,29353.100889300888,Philippines,1,6.359869280695717,10.287153471781103
Poland,POL,2023,Yes,Europe,Regulated,Poland,1049.707879679356,35247.42186919817,Poland,1,6.95626719461485,10.470147667103204
Portugal,PRT,2023,Yes,Europe,Regulated,Portugal,1135.9149594347314,33968.86673985778,Portugal,1,7.035193736826447,10.43319969998166
Qatar,QAT,2023,Yes,Asia,Regulated,Qatar,103.60821942089616,14746.926295968566,Qatar,1,4.640616664717825,9.598789953338443
Romania,ROU,2023,Yes,Europe,Regulated,Romania,1273.386398684444,39727.07027242912,Romania,1,7.14943508642367,10.589788105149026
Russia,RUS,2023,Yes,Europe,Regulated,Russian Federation,1208.458684650001,44162.05671195808,Russia,1,7.097101012260836,10.695621253959692
Rwanda,RWA,2023,No,Africa,Not regulated,Rwanda,725.798806555082,44592.43963436255,Rwanda,0,6.587272850461115,10.70531960871427
Saint Kitts and Nevis,KNA,2023,No,North America,Not regulated,Saint Kitts and Nevis,788.7751949674569,34030.386452846404,Saint Kitts and Nevis,0,6.6704813562517025,10.435009123670447
Saint Lucia,LCA,2023,No,North America,Not regulated,Saint Lucia,739.6706261308252,32878.833200344816,Saint Lucia,0,6.6062049872886766,10.400584361932934
Samoa,WSM,2023,No,Oceania,Not regulated,Samoa,635.3973747238421,29891.528446069067,Samoa,0,6.454250590136358,10.305330389670466
Sao Tome and Principe,STP,2023,No,Africa,Not regulated,Sao Tome and Principe,546.6369987190603,31331.847627460163,Sao Tome and Principe,0,6.303784960041565,10.352390355314961
Saudi Arabia,SAU,2023,Yes,Asia,Regulated,Saudi Arabia,299.0189526386412,21941.097680278017,Saudi Arabia,1,5.70050695813314,9.996116763584002
Senegal,SEN,2023,No,Africa,Not regulated,Senegal,545.9839066492503,36399.654743844,Senegal,0,6.302589500309136,10.502314568520617
Serbia,SRB,2023,Yes,Europe,Regulated,Serbia,1334.663883005549,39134.59924558501,Serbia,1,7.196434766104648,10.574762245879493
Sierra Leone,SLE,2023,No,Africa,Not regulated,Sierra Leone,977.7932021263952,66089.90546567558,Sierra Leone,0,6.885298197907651,11.098771298075755
Singapore,SGP,2023,No,Asia,Not regulated,Singapore,473.27590533705,20819.87665661938,Singapore,0,6.159678527813799,9.943663417877607
Slovakia,SVK,2023,Yes,Europe,Regulated,Slovakia,998.9974573517336,34477.49783940802,Slovakia,1,6.906752233451854,10.448062153681766
Slovenia,SVN,2023,Yes,Europe,Regulated,Slovenia,1020.9718410430096,32707.76516150696,Slovenia,1,6.928510238002759,10.395367795407338
Solomon Islands,SLB,2023,No,Oceania,Not regulated,Solomon Islands,819.1762083524335,37108.932699967394,Solomon Islands,0,6.7082992113249675,10.521612993198246
South Africa,ZAF,2023,Yes,Africa,Regulated,South Africa,892.2505338181792,46751.97530845904,South Africa,1,6.793746960653284,10.752611786411578
South Korea,KOR,2023,Yes,Asia,Regulated,Republic of Korea,683.032235015914,25966.968913513305,South Korea,1,6.526542054673649,10.164580582924527
Spain,ESP,2023,Yes,Europe,Regulated,Spain,932.2041477615552,29692.66610024221,Spain,1,6.837551833361863,10.298655361646126
Sri Lanka,LKA,2023,Yes,Asia,Regulated,Sri Lanka,801.1897213889325,29926.289939193568,Sri Lanka,1,6.686097774689067,10.30649263523461
Sudan,SDN,2023,No,Africa,Not regulated,Sudan,644.854112892163,35687.78694375005,Sudan,0,6.469024109650327,10.482563806821384
Suriname,SUR,2023,No,South America,Not regulated,Suriname,758.7539116400536,36404.42069831488,Suriname,0,6.63167749773446,10.502445494006555
Sweden,SWE,2023,Yes,Europe,Regulated,Sweden,890.862507123236,28501.077620470794,Sweden,1,6.792190102570333,10.257697176786504
Switzerland,CHE,2023,Yes,Europe,Regulated,Switzerland,795.7201370061277,27023.941292609645,Switzerland,1,6.679247537347578,10.204478466628467
Syria,SYR,2023,No,Asia,Not regulated,Syrian Arab Republic,527.8945120600107,28605.732929429832,Syria,0,6.268896475980896,10.261362428798076
Tajikistan,TJK,2023,No,Asia,Not regulated,Tajikistan,470.3462044621241,26277.85061031923,Tajikistan,0,6.153469028782178,10.176481681214119
Tanzania,TZA,2023,Yes,Africa,Regulated,United Republic of Tanzania,554.1454733479388,36953.4126856482,Tanzania,1,6.3174272395479285,10.517413281668928
Thailand,THA,2023,Yes,Asia,Regulated,Thailand,900.0932585887313,35217.93705274542,Thailand,1,6.802498378610207,10.46931080715884
Timor-Leste,TLS,2023,No,Asia,Not regulated,Timor-Leste,633.4799750228385,34320.83403494153,Timor-Leste,0,6.451228389195032,10.443507855024027
Togo,TGO,2023,No,Africa,Not regulated,Togo,733.9031497991233,48053.12105771243,Togo,0,6.598377071405989,10.780062366663863
Trinidad and Tobago,TTO,2023,Yes,North America,Regulated,Trinidad and Tobago,998.8685398961018,39639.21108568887,Trinidad and Tobago,1,6.906623178294013,10.587574086270319
Tunisia,TUN,2023,No,Africa,Not regulated,Tunisia,648.3373192314019,30385.179235603395,Tunisia,0,6.474411115280297,10.321710243370665
Turkey,TUR,2023,No,Asia,Not regulated,Türkiye,692.3790485622819,29726.76354059459,Turkey,0,6.540133563690976,10.299803048330473
Tuvalu,TUV,2023,No,Oceania,Not regulated,Tuvalu,1140.110484952139,47840.81936699732,Tuvalu,0,7.038880453317112,10.77563451571441
Uganda,UGA,2023,No,Africa,Not regulated,Uganda,634.787970628686,45123.78520373633,Uganda,0,6.45329103861241,10.71716477457999
Ukraine,UKR,2023,Yes,Europe,Regulated,Ukraine,1357.1129030939846,47790.921877297806,Ukraine,1,7.213114856885309,10.774590981557688
United Arab Emirates,ARE,2023,Yes,Asia,Regulated,United Arab Emirates,140.31840957073308,16890.602198366312,United Arab Emirates,1,4.943914194257566,9.734512663302802
United Kingdom,GBR,2023,Yes,Europe,Regulated,United Kingdom,965.303060625913,32245.89182363657,United Kingdom,1,6.87244210449692,10.381145928796126
United States,USA,2023,Yes,North America,Regulated,United States of America,921.7426957781304,36739.51239885122,United States,1,6.826266112784652,10.511608087011238
Uruguay,URY,2023,Yes,South America,Regulated,Uruguay,1022.7097309437244,34235.44395411377,Uruguay,1,6.930210982720963,10.441016759314335
Vanuatu,VUT,2023,No,Oceania,Not regulated,Vanuatu,578.7263479133724,29937.59742087785,Vanuatu,0,6.360829737029054,10.306870408290035
Vietnam,VNM,2023,Yes,Asia,Regulated,Viet Nam,655.816252880454,28482.600686638943,Vietnam,1,6.485880647391728,10.257048677601183
Yemen,YEM,2023,No,Asia,Not regulated,Yemen,417.1457643140958,31635.94458414445,Yemen,0,6.033435715428849,10.362049239967034
Zambia,ZMB,2023,No,Africa,Not regulated,Zambia,702.5829332931105,48087.57268441758,Zambia,0,6.554763448749782,10.780779058562763
Zimbabwe,ZWE,2023,No,Africa,Not regulated,Zimbabwe,724.1324206009655,45601.08710175983,Zimbabwe,0,6.584974277043846,10.727686835169184
