country,iso_code,outcome,model,cooks_distance,studentized_residual,hat_value,cooks_threshold_4_over_n,flag_influential,flag_large_studentized_residual
Maldives,MDV,daly_rate,M2_primary,0.0834863389191662,-1.911764755056572,0.2036607510551622,0.025,True,False
Guyana,GUY,daly_rate,M2_primary,0.07902358580547689,2.5017738988412526,0.12571072697850164,0.025,True,True
United States,USA,daly_rate,M2_primary,0.07874039772076961,0.9282227429108831,0.5010835291097324,0.025,True,False
Canada,CAN,daly_rate,M2_primary,0.07874039772072718,-0.9282227429106326,0.5010835291097324,0.025,True,False
Tajikistan,TJK,daly_rate,M2_primary,0.06000190450859915,-2.266119065686334,0.11668069947629682,0.025,True,True
Kyrgyzstan,KGZ,daly_rate,M2_primary,0.05211999709189546,-2.287236660226594,0.10128780157081353,0.025,True,True
Haiti,HTI,daly_rate,M2_primary,0.03489223324400632,2.092620686268795,0.0822618087439698,0.025,True,True
Japan,JPN,daly_rate,M2_primary,0.03274547918137515,-1.0797145690518575,0.23624520700343718,0.025,True,False
Palau,PLW,daly_rate,M2_primary,0.029223081872504723,2.145684287622966,0.06673756852093618,0.025,True,True
Comoros,COM,daly_rate,M2_primary,0.026486287582923793,-3.1321938889253813,0.030494177912423686,0.025,True,True
Tuvalu,TUV,daly_rate,M2_primary,0.025695850335993163,1.877371806508677,0.0754055064803882,0.025,True,False
Honduras,HND,daly_rate,M2_primary,0.024578080369845597,-2.061373348984729,0.06104380355378009,0.025,False,True
Central African Republic,CAF,daly_rate,M2_primary,0.024092758627307503,2.289692047570374,0.04942048594493218,0.025,False,True
Djibouti,DJI,daly_rate,M2_primary,0.02221331925342861,1.6055534590169342,0.08741842604658384,0.025,False,False
Eswatini,SWZ,daly_rate,M2_primary,0.02070683925762755,1.7516389877878595,0.06999836587834954,0.025,False,False
Laos,LAO,daly_rate,M2_primary,0.019821674790801304,1.5141498931186366,0.0875315504807456,0.025,False,False
Jordan,JOR,daly_rate,M2_primary,0.019701995103798272,-1.5713597955756657,0.081419787581634,0.025,False,False
Nicaragua,NIC,daly_rate,M2_primary,0.01875243112591295,-1.8536870838144934,0.05750427266856131,0.025,False,False
Kenya,KEN,daly_rate,M2_primary,0.018612700210561196,-1.718424531377996,0.06563184303127943,0.025,False,False
Sao Tome and Principe,STP,daly_rate,M2_primary,0.01812716623759781,-2.1714854116889324,0.0415411635273273,0.025,False,True
Bhutan,BTN,daly_rate,M2_primary,0.01698854425662313,0.8958681491441359,0.18866278720522794,0.025,False,False
Niger,NER,daly_rate,M2_primary,0.016147828346773994,2.1158054564339195,0.03901995268131915,0.025,False,True
Chad,TCD,daly_rate,M2_primary,0.01551902901831578,2.3275012008680216,0.03142663516603161,0.025,False,True
Vanuatu,VUT,daly_rate,M2_primary,0.014562401524714498,-1.3931433073977464,0.07668618445246406,0.025,False,False
Tanzania,TZA,daly_rate,M2_primary,0.013878156101507512,-1.5713068925531595,0.058770417047843235,0.025,False,False
Trinidad and Tobago,TTO,daly_rate,M2_primary,0.013720585722472065,1.5933818787653238,0.056657494337718654,0.025,False,False
Fiji,FJI,daly_rate,M2_primary,0.012554123612412135,1.5183103243313218,0.056985491528635954,0.025,False,False
Sudan,SDN,daly_rate,M2_primary,0.01120546718705953,-2.1042261727168654,0.027689840990160617,0.025,False,True
India,IND,daly_rate,M2_primary,0.011183366725798083,0.7663260019723853,0.17280006867929798,0.025,False,False
Myanmar,MMR,daly_rate,M2_primary,0.009801136109701215,1.247675218110573,0.06499773973944925,0.025,False,False
Mauritius,MUS,daly_rate,M2_primary,0.009364937655928659,-0.8759353222620974,0.11820653233468711,0.025,False,False
Samoa,WSM,daly_rate,M2_primary,0.009181720477576033,-1.0655847677799315,0.08175148685169811,0.025,False,False
Russia,RUS,daly_rate,M2_primary,0.00899395066419637,1.9934488817834348,0.024764248718396654,0.025,False,False
Nigeria,NGA,daly_rate,M2_primary,0.008371056116308818,1.518375251849542,0.03873009392356016,0.025,False,False
Gabon,GAB,daly_rate,M2_primary,0.008151716250994591,0.9755794054349519,0.08607669807205733,0.025,False,False
Pakistan,PAK,daly_rate,M2_primary,0.008015954732047687,0.937894753316869,0.09104024998821245,0.025,False,False
Saudi Arabia,SAU,daly_rate,M2_primary,0.007094016845696663,0.8859492824712732,0.09030950142804736,0.025,False,False
Senegal,SEN,daly_rate,M2_primary,0.006999462088573982,-1.6007318959083645,0.029468622083019723,0.025,False,False
Qatar,QAT,daly_rate,M2_primary,0.006929068739819939,-0.7306709766724421,0.12458784434539535,0.025,False,False
Sierra Leone,SLE,daly_rate,M2_primary,0.0063970129284118965,1.5859789465931962,0.027483160387907813,0.025,False,False
Iraq,IRQ,daly_rate,M2_primary,0.006344053630544722,1.0480205430203293,0.05977742127210609,0.025,False,False
Egypt,EGY,daly_rate,M2_primary,0.006230679617472677,0.8494041097274874,0.08660545630989824,0.025,False,False
Israel,ISR,daly_rate,M2_primary,0.0061490167681833695,-0.9399884216074963,0.07105640457436298,0.025,False,False
Cameroon,CMR,daly_rate,M2_primary,0.006098020648540986,1.042211977809302,0.05819449124676966,0.025,False,False
Ukraine,UKR,daly_rate,M2_primary,0.005801974810758431,1.1904652134043223,0.043208268757596514,0.025,False,False
Syria,SYR,daly_rate,M2_primary,0.0056236210040451744,-0.7489126944141735,0.09907275339630078,0.025,False,False
China,CHN,daly_rate,M2_primary,0.0056009528845487365,-0.9450643699260142,0.06448671073076505,0.025,False,False
South Africa,ZAF,daly_rate,M2_primary,0.005525710839931874,0.9604406314275775,0.0617894054403308,0.025,False,False
Suriname,SUR,daly_rate,M2_primary,0.005205954940238089,1.0080047185554957,0.05335812020496991,0.025,False,False
Angola,AGO,daly_rate,M2_primary,0.005098870589349256,1.0688389101297242,0.04684061612877556,0.025,False,False
Belarus,BLR,daly_rate,M2_primary,0.004939611887070564,1.3216651235246155,0.030314122512818342,0.025,False,False
Malawi,MWI,daly_rate,M2_primary,0.004768684717525303,-0.7829825466600212,0.07863060673167604,0.025,False,False
Singapore,SGP,daly_rate,M2_primary,0.004727759468233705,-0.5977110295770197,0.1265917335721608,0.025,False,False
South Korea,KOR,daly_rate,M2_primary,0.004507336657253539,-0.7537322637856103,0.0800535092778911,0.025,False,False
Bangladesh,BGD,daly_rate,M2_primary,0.00420997176080938,0.4678684274491811,0.17385857271269747,0.025,False,False
Belize,BLZ,daly_rate,M2_primary,0.004184849379884059,-0.8429668906311383,0.06072925006992399,0.025,False,False
Oman,OMN,daly_rate,M2_primary,0.004106597069574114,-0.758351077749184,0.07263479430128478,0.025,False,False
Colombia,COL,daly_rate,M2_primary,0.0040339217182655766,-0.902986296427038,0.05155058147560021,0.025,False,False
Lithuania,LTU,daly_rate,M2_primary,0.003939043316599528,1.332151708804002,0.023955092434607944,0.025,False,False
Gambia,GMB,daly_rate,M2_primary,0.003887560878249451,-0.9589545127398319,0.04441295809785686,0.025,False,False
Latvia,LVA,daly_rate,M2_primary,0.003848340566815642,1.2339563628911987,0.027141689979765442,0.025,False,False
Mali,MLI,daly_rate,M2_primary,0.0038318986228142015,1.1881235953295801,0.029071592336867718,0.025,False,False
Cambodia,KHM,daly_rate,M2_primary,0.003781796348432703,-0.8140503665152637,0.05894142237687555,0.025,False,False
Vietnam,VNM,daly_rate,M2_primary,0.0033844012516164703,-0.6640034638854213,0.07759319793843658,0.025,False,False
Bulgaria,BGR,daly_rate,M2_primary,0.003315933679376133,1.054280524648745,0.031796384867325056,0.025,False,False
Chile,CHL,daly_rate,M2_primary,0.003265296658958592,-0.7678191606204796,0.057277406085344595,0.025,False,False
Bosnia and Herzegovina,BIH,daly_rate,M2_primary,0.003107988317690839,-0.6544160935419717,0.07366520899955054,0.025,False,False
Lesotho,LSO,daly_rate,M2_primary,0.0030118443345419203,1.0593892932698483,0.028696269763717527,0.025,False,False
Antigua and Barbuda,ATG,daly_rate,M2_primary,0.002926714528470943,-0.4808600981328747,0.12166094722003912,0.025,False,False
Ethiopia,ETH,daly_rate,M2_primary,0.002813470567679341,-0.6480219282385731,0.06839046303619215,0.025,False,False
Madagascar,MDG,daly_rate,M2_primary,0.002748973098390473,-0.9165563685146252,0.034708582278795794,0.025,False,False
United Arab Emirates,ARE,daly_rate,M2_primary,0.002716214790782155,-0.5206649573990478,0.09883579240507799,0.025,False,False
Rwanda,RWA,daly_rate,M2_primary,0.0026445724835469594,-0.9383282728637624,0.031958327442095015,0.025,False,False
Cote d'Ivoire,CIV,daly_rate,M2_primary,0.002492031741003361,0.89407908689587,0.033111998836226675,0.025,False,False
Albania,ALB,daly_rate,M2_primary,0.0024552017402169326,-0.9577873902288542,0.028582909141926325,0.025,False,False
Costa Rica,CRI,daly_rate,M2_primary,0.0024386060865162766,-0.727070460981998,0.048147622542440136,0.025,False,False
Afghanistan,AFG,daly_rate,M2_primary,0.0022994180403159183,0.4146547668926423,0.12762101243647933,0.025,False,False
Mozambique,MOZ,daly_rate,M2_primary,0.002050027740933332,-0.7739315918376029,0.03618836557236485,0.025,False,False
Guinea,GIN,daly_rate,M2_primary,0.0019976623672248728,0.8753349224755612,0.02783705952150487,0.025,False,False
Peru,PER,daly_rate,M2_primary,0.00192352497649171,-0.5645353585806688,0.061990494425534434,0.025,False,False
Saint Kitts and Nevis,KNA,daly_rate,M2_primary,0.0019039934505211012,0.41999603264513197,0.10560617489029639,0.025,False,False
Hungary,HUN,daly_rate,M2_primary,0.001903201372851431,0.8981681821856118,0.025263048770194113,0.025,False,False
Malta,MLT,daly_rate,M2_primary,0.0018660770473207262,-0.3780710036059169,0.12494164403776163,0.025,False,False
Romania,ROU,daly_rate,M2_primary,0.0017903150236819136,0.7494232825447587,0.033780342624617724,0.025,False,False
Sri Lanka,LKA,daly_rate,M2_primary,0.0017641221590482556,-0.28140208850895176,0.19584563069803687,0.025,False,False
Lebanon,LBN,daly_rate,M2_primary,0.0017042473582752164,-0.45646005105812887,0.0821448490630583,0.025,False,False
Georgia,GEO,daly_rate,M2_primary,0.0016985268064655518,0.8024452959043343,0.02813211145889204,0.025,False,False
Portugal,PRT,daly_rate,M2_primary,0.0016009155896554617,-0.6292162930773243,0.04242011916704485,0.025,False,False
Cyprus,CYP,daly_rate,M2_primary,0.0015179153550161158,-0.6918897831432715,0.03358968137089763,0.025,False,False
Italy,ITA,daly_rate,M2_primary,0.0015059226658974095,-0.6429357704591326,0.03838386191175005,0.025,False,False
Uganda,UGA,daly_rate,M2_primary,0.0014387113795461231,-0.7238864030105602,0.029224999441097313,0.025,False,False
Uruguay,URY,daly_rate,M2_primary,0.0014052707130779202,0.44586617709903215,0.07178759446095448,0.025,False,False
Thailand,THA,daly_rate,M2_primary,0.0013772439489544,0.4606889796307254,0.06629708193918764,0.025,False,False
Solomon Islands,SLB,daly_rate,M2_primary,0.0013641718230806715,-0.40459803051792337,0.08353802910592492,0.025,False,False
Armenia,ARM,daly_rate,M2_primary,0.0013311057710951324,-0.614271850446191,0.03720482054927435,0.025,False,False
Burkina Faso,BFA,daly_rate,M2_primary,0.0012745297494874295,-0.6645297154580427,0.03065912352266192,0.025,False,False
Kazakhstan,KAZ,daly_rate,M2_primary,0.0011779230423061714,0.41359673457368484,0.07004759786516006,0.025,False,False
Morocco,MAR,daly_rate,M2_primary,0.0011242628922197796,0.4001245276236347,0.07133067080598753,0.025,False,False
Spain,ESP,daly_rate,M2_primary,0.001117917102790989,-0.6909432541949592,0.02502561855840066,0.025,False,False
Azerbaijan,AZE,daly_rate,M2_primary,0.0010786763616873626,0.3712560290835596,0.07884083363538091,0.025,False,False
France,FRA,daly_rate,M2_primary,0.0010335057142746385,-0.6433715097630266,0.026628632956505444,0.025,False,False
Mexico,MEX,daly_rate,M2_primary,0.0010312042216548399,0.44685677141036706,0.0534800090367723,0.025,False,False
Kuwait,KWT,daly_rate,M2_primary,0.0009976920955538167,-0.34697035580672203,0.08309192931354548,0.025,False,False
Sweden,SWE,daly_rate,M2_primary,0.0009961790737448865,-0.6100367217891127,0.02848611738747313,0.025,False,False
Malaysia,MYS,daly_rate,M2_primary,0.0009687884563309701,-0.3626822833389149,0.07453975966187848,0.025,False,False
Iceland,ISL,daly_rate,M2_primary,0.000966702991865649,-0.48320147074966147,0.0433455383184133,0.025,False,False
Ecuador,ECU,daly_rate,M2_primary,0.0008071233384467702,-0.416128960535717,0.04851350153050363,0.025,False,False
Brazil,BRA,daly_rate,M2_primary,0.0007920031356829272,0.36529948260214057,0.060950438835008364,0.025,False,False
Andorra,AND,daly_rate,M2_primary,0.0007549040024061792,-0.32849938191645456,0.07105540242989956,0.025,False,False
Paraguay,PRY,daly_rate,M2_primary,0.0007299796658461644,0.3755940224450207,0.053560914390456474,0.025,False,False
Switzerland,CHE,daly_rate,M2_primary,0.000664814836977117,-0.49625236505445314,0.028697252727685536,0.025,False,False
Turkey,TUR,daly_rate,M2_primary,0.000614848200502396,0.25770212242764434,0.09190250663968193,0.025,False,False
Australia,AUS,daly_rate,M2_primary,0.0006126386677109346,-0.274328271606502,0.08171981797334231,0.025,False,False
Panama,PAN,daly_rate,M2_primary,0.0005996484400828443,-0.3481311352606162,0.0513275897116576,0.025,False,False
Timor-Leste,TLS,daly_rate,M2_primary,0.000587621354041201,-0.29914193982077825,0.06698279320024815,0.025,False,False
Slovenia,SVN,daly_rate,M2_primary,0.0005112209056144434,-0.3884833622206172,0.03572525344093007,0.025,False,False
Jamaica,JAM,daly_rate,M2_primary,0.0004668895657208796,-0.3075345303484456,0.05120857839091322,0.025,False,False
Croatia,HRV,daly_rate,M2_primary,0.00042309754679059776,0.3363201300262655,0.03929391015831788,0.025,False,False
Philippines,PHL,daly_rate,M2_primary,0.000421227723927764,-0.22933511942116197,0.08049217872225238,0.025,False,False
Bahrain,BHR,daly_rate,M2_primary,0.00042037143527902463,0.1938836913663702,0.10890617342414842,0.025,False,False
Liberia,LBR,daly_rate,M2_primary,0.0003984457523609575,0.28496301773136146,0.05091031738073169,0.025,False,False
Guinea-Bissau,GNB,daly_rate,M2_primary,0.0003807368139362745,0.3732782819374697,0.02901669867208182,0.025,False,False
Germany,DEU,daly_rate,M2_primary,0.0003342330888079546,0.3425914254913167,0.030198928203403013,0.025,False,False
Estonia,EST,daly_rate,M2_primary,0.00032490519002860836,0.3718385076398776,0.025055410524397446,0.025,False,False
Greece,GRC,daly_rate,M2_primary,0.00030824331795850033,-0.28879545700292186,0.03883503414722939,0.025,False,False
Finland,FIN,daly_rate,M2_primary,0.00028856526405227463,-0.30221734323733185,0.03338823248083244,0.025,False,False
Togo,TGO,daly_rate,M2_primary,0.00028305571557343465,-0.33329028741460437,0.027107255559916492,0.025,False,False
Burundi,BDI,daly_rate,M2_primary,0.0002499272126006392,-0.24027424558216082,0.04518118105850902,0.025,False,False
Poland,POL,daly_rate,M2_primary,0.00016696552741072727,0.2576931956985974,0.026749070132911123,0.025,False,False
Congo,COG,daly_rate,M2_primary,0.00015252084576802735,0.20499366810181416,0.03815443987581152,0.025,False,False
Norway,NOR,daly_rate,M2_primary,0.00014942749417957618,-0.22446081819895009,0.03139861327084669,0.025,False,False
Dominica,DMA,daly_rate,M2_primary,0.00014702804592805737,0.17119418723489005,0.05197517841370918,0.025,False,False
Ghana,GHA,daly_rate,M2_primary,0.00011709419871614877,-0.19121128890609276,0.033817605025298174,0.025,False,False
Zimbabwe,ZWE,daly_rate,M2_primary,0.0001146383890175855,-0.199171754839453,0.030616443931977683,0.025,False,False
Netherlands,NLD,daly_rate,M2_primary,0.00011236235416961568,0.18842350976807906,0.03343147975074884,0.025,False,False
Ireland,IRL,daly_rate,M2_primary,8.436589890674907e-05,-0.11711495965697341,0.06297956176080098,0.025,False,False
Argentina,ARG,daly_rate,M2_primary,8.393337380780446e-05,-0.11967806847312258,0.06018106745792991,0.025,False,False
Saint Lucia,LCA,daly_rate,M2_primary,8.026392490110289e-05,0.09022082099192058,0.09726551558267293,0.025,False,False
Austria,AUT,daly_rate,M2_primary,7.606146813246625e-05,-0.17318874619173244,0.02696557662813995,0.025,False,False
Slovakia,SVK,daly_rate,M2_primary,7.159586297169379e-05,0.15791259526927637,0.03042136676314484,0.025,False,False
Barbados,BRB,daly_rate,M2_primary,4.697110455221611e-05,0.07534442883207634,0.08291320676288419,0.025,False,False
United Kingdom,GBR,daly_rate,M2_primary,3.719349992218491e-05,0.12624759375350558,0.02486567051367073,0.025,False,False
Belgium,BEL,daly_rate,M2_primary,3.3836633084216174e-05,-0.11441808670075296,0.02746684286216726,0.025,False,False
Mongolia,MNG,daly_rate,M2_primary,2.7095033154956632e-05,0.06232741990772665,0.07081315921821799,0.025,False,False
Tunisia,TUN,daly_rate,M2_primary,2.295441654820493e-05,0.051130408424987894,0.08753831365751327,0.025,False,False
Moldova,MDA,daly_rate,M2_primary,2.0744992268991084e-05,-0.06091017325640313,0.05757818328244257,0.025,False,False
Luxembourg,LUX,daly_rate,M2_primary,1.898945942459522e-05,0.05780203173960129,0.05847068430254283,0.025,False,False
Algeria,DZA,daly_rate,M2_primary,1.640439455659032e-05,0.0542377894737872,0.05743097288869133,0.025,False,False
Serbia,SRB,daly_rate,M2_primary,1.3649812363464428e-05,-0.06075639133376135,0.03883468563130866,0.025,False,False
Zambia,ZMB,daly_rate,M2_primary,1.0213732064943303e-05,0.06268160123655295,0.027619771259410213,0.025,False,False
Guatemala,GTM,daly_rate,M2_primary,8.84300267494983e-06,-0.040962221936969155,0.05444910075030879,0.025,False,False
Democratic Republic of Congo,COD,daly_rate,M2_primary,6.068444675670612e-06,-0.03919624705761985,0.041372425416270425,0.025,False,False
Nepal,NPL,daly_rate,M2_primary,5.17127907881186e-06,0.013972686726706074,0.22444880929235975,0.025,False,False
Benin,BEN,daly_rate,M2_primary,4.742633208190039e-06,-0.04176769455697294,0.028846921449515898,0.025,False,False
Denmark,DNK,daly_rate,M2_primary,3.6080496625042454e-06,-0.036664500051432895,0.028490501870783884,0.025,False,False
North Macedonia,MKD,daly_rate,M2_primary,3.586318816137462e-06,0.03842921163369034,0.025847895160931094,0.025,False,False
Czechia,CZE,daly_rate,M2_primary,3.243569221447852e-06,0.03763938359817038,0.024405066269234128,0.025,False,False
New Zealand,NZL,daly_rate,M2_primary,2.9186423710625927e-06,-0.019604005049585062,0.07661981225410604,0.025,False,False
El Salvador,SLV,daly_rate,M2_primary,2.1673897348855034e-07,0.006023035425421295,0.061278904586213226,0.025,False,False
Montenegro,MNE,daly_rate,M2_primary,7.105529098494495e-08,0.00556284048582046,0.024474292733450483,0.025,False,False
Qatar,QAT,death_rate,M2_primary,0.1548362697753593,-3.595176035180805,0.12458784434539535,0.025,True,True
Japan,JPN,death_rate,M2_primary,0.12108724895548377,-2.0986824732760754,0.23624520700343718,0.025,True,True
United States,USA,death_rate,M2_primary,0.07010329630663412,0.8755561477137261,0.5010835291097324,0.025,True,False
Canada,CAN,death_rate,M2_primary,0.07010329630660551,-0.8755561477135478,0.5010835291097324,0.025,True,False
Guyana,GUY,death_rate,M2_primary,0.06946403465771493,2.3396001427953883,0.12571072697850164,0.025,True,True
United Arab Emirates,ARE,death_rate,M2_primary,0.0667744825187614,-2.639189515270042,0.09883579240507799,0.025,True,True
Kyrgyzstan,KGZ,death_rate,M2_primary,0.04922203049936239,-2.2205589837639392,0.10128780157081353,0.025,True,True
Tajikistan,TJK,death_rate,M2_primary,0.044458675780892534,-1.9419381455790712,0.11668069947629682,0.025,True,False
Tuvalu,TUV,death_rate,M2_primary,0.03963915003245057,2.346957912755199,0.0754055064803882,0.025,True,True
Maldives,MDV,death_rate,M2_primary,0.03785459035371573,-1.278717592113681,0.2036607510551622,0.025,True,False
Egypt,EGY,death_rate,M2_primary,0.03402838838423912,2.0069761072822003,0.08660545630989824,0.025,True,True
Gabon,GAB,death_rate,M2_primary,0.027126126841106813,1.793110135711259,0.08607669807205733,0.025,True,False
Palau,PLW,death_rate,M2_primary,0.02707886785250719,2.0631128772058505,0.06673756852093618,0.025,True,True
Eswatini,SWZ,death_rate,M2_primary,0.0257719342531289,1.9591386794652947,0.06999836587834954,0.025,True,False
Nicaragua,NIC,death_rate,M2_primary,0.02384723404507937,-2.0970110094036745,0.05750427266856131,0.025,False,True
Morocco,MAR,death_rate,M2_primary,0.020640006763814334,1.7307425951271578,0.07133067080598753,0.025,False,False
Honduras,HND,death_rate,M2_primary,0.018446021238794706,-1.7794430540148254,0.06104380355378009,0.025,False,False
Comoros,COM,death_rate,M2_primary,0.018409933600171232,-2.5853466743330014,0.030494177912423686,0.025,False,True
Bhutan,BTN,death_rate,M2_primary,0.018328122860320387,0.9307174987755402,0.18866278720522794,0.025,False,False
Laos,LAO,death_rate,M2_primary,0.017927301983103803,1.4389142736851126,0.0875315504807456,0.025,False,False
Fiji,FJI,death_rate,M2_primary,0.017486824309543493,1.7974460419978469,0.056985491528635954,0.025,False,False
Kuwait,KWT,death_rate,M2_primary,0.01661200750939389,-1.4249096594972448,0.08309192931354548,0.025,False,False
Trinidad and Tobago,TTO,death_rate,M2_primary,0.014761096643406559,1.6537716237354008,0.056657494337718654,0.025,False,False
South Africa,ZAF,death_rate,M2_primary,0.014239261577116167,1.5494050457998676,0.0617894054403308,0.025,False,False
Iraq,IRQ,death_rate,M2_primary,0.012695950331802108,1.4881218854629654,0.05977742127210609,0.025,False,False
Jordan,JOR,death_rate,M2_primary,0.011616495333322851,-1.2024759600963266,0.081419787581634,0.025,False,False
Djibouti,DJI,death_rate,M2_primary,0.011326823694450627,1.14163263465366,0.08741842604658384,0.025,False,False
Vanuatu,VUT,death_rate,M2_primary,0.010984904452005588,-1.2080335327232294,0.07668618445246406,0.025,False,False
South Korea,KOR,death_rate,M2_primary,0.010954178741636797,-1.1782637502170412,0.0800535092778911,0.025,False,False
Tanzania,TZA,death_rate,M2_primary,0.010101284804691397,-1.3375185415007356,0.058770417047843235,0.025,False,False
Central African Republic,CAF,death_rate,M2_primary,0.009791612752573947,1.4445823958608446,0.04942048594493218,0.025,False,False
Haiti,HTI,death_rate,M2_primary,0.008824843648034607,1.0409548916776932,0.0822618087439698,0.025,False,False
Afghanistan,AFG,death_rate,M2_primary,0.00864059720287162,-0.8050936212852482,0.12762101243647933,0.025,False,False
Bosnia and Herzegovina,BIH,death_rate,M2_primary,0.008268731870469725,-1.0699897311953452,0.07366520899955054,0.025,False,False
Lesotho,LSO,death_rate,M2_primary,0.0077799022904240876,1.7129669898010491,0.028696269763717527,0.025,False,False
Kenya,KEN,death_rate,M2_primary,0.007244054800798892,-1.0655804602112653,0.06563184303127943,0.025,False,False
Australia,AUS,death_rate,M2_primary,0.006938142655854648,-0.9256206444213085,0.08171981797334231,0.025,False,False
Myanmar,MMR,death_rate,M2_primary,0.006658307460001838,1.0266303713388893,0.06499773973944925,0.025,False,False
Belarus,BLR,death_rate,M2_primary,0.006483507899791727,1.5169894889431164,0.030314122512818342,0.025,False,False
Colombia,COL,death_rate,M2_primary,0.006343004850569024,-1.134098655390123,0.05155058147560021,0.025,False,False
Russia,RUS,death_rate,M2_primary,0.006004305608902727,1.6215553006329169,0.024764248718396654,0.025,False,False
Saudi Arabia,SAU,death_rate,M2_primary,0.005740709610538333,0.7965736962722546,0.09030950142804736,0.025,False,False
Tunisia,TUN,death_rate,M2_primary,0.005595964463599969,0.80004953527777,0.08753831365751327,0.025,False,False
Costa Rica,CRI,death_rate,M2_primary,0.0054438900844004405,-1.088725280111756,0.048147622542440136,0.025,False,False
Belize,BLZ,death_rate,M2_primary,0.005415612857159671,-0.9596243266934571,0.06072925006992399,0.025,False,False
Chad,TCD,death_rate,M2_primary,0.005410852917406221,1.3582328338752852,0.03142663516603161,0.025,False,False
Uruguay,URY,death_rate,M2_primary,0.005394329235361397,0.8752312249883489,0.07178759446095448,0.025,False,False
Singapore,SGP,death_rate,M2_primary,0.005295289732211826,-0.6326614599872326,0.1265917335721608,0.025,False,False
Senegal,SEN,death_rate,M2_primary,0.005269349068179734,-1.3859177859269711,0.029468622083019723,0.025,False,False
Nepal,NPL,death_rate,M2_primary,0.005216489510945308,-0.4440777006658113,0.22444880929235975,0.025,False,False
Suriname,SUR,death_rate,M2_primary,0.004985629903685599,0.9863005995719046,0.05335812020496991,0.025,False,False
Oman,OMN,death_rate,M2_primary,0.004952840532293135,-0.833163782173238,0.07263479430128478,0.025,False,False
Antigua and Barbuda,ATG,death_rate,M2_primary,0.00475193806505971,-0.613021383112443,0.12166094722003912,0.025,False,False
Algeria,DZA,death_rate,M2_primary,0.004647089497381754,0.9154491036544371,0.05743097288869133,0.025,False,False
India,IND,death_rate,M2_primary,0.004619852576911102,0.491967298529024,0.17280006867929798,0.025,False,False
Turkey,TUR,death_rate,M2_primary,0.004590389518601764,0.7051633810555779,0.09190250663968193,0.025,False,False
Mozambique,MOZ,death_rate,M2_primary,0.004408644998990004,-1.1375977778137911,0.03618836557236485,0.025,False,False
Sao Tome and Principe,STP,death_rate,M2_primary,0.004405815652419558,-1.0578653205356863,0.0415411635273273,0.025,False,False
Portugal,PRT,death_rate,M2_primary,0.004372361291278619,-1.0422735364725197,0.04242011916704485,0.025,False,False
Cameroon,CMR,death_rate,M2_primary,0.004291426573002796,0.8733550267595713,0.05819449124676966,0.025,False,False
Kazakhstan,KAZ,death_rate,M2_primary,0.004177457943603185,0.7800361860334979,0.07004759786516006,0.025,False,False
Chile,CHL,death_rate,M2_primary,0.004141694418221589,-0.8652048296479927,0.057277406085344595,0.025,False,False
Cambodia,KHM,death_rate,M2_primary,0.004113847403274317,-0.8492033178531386,0.05894142237687555,0.025,False,False
Georgia,GEO,death_rate,M2_primary,0.004112209660480507,1.252459171186043,0.02813211145889204,0.025,False,False
Samoa,WSM,death_rate,M2_primary,0.003810713367771646,-0.6849466577517892,0.08175148685169811,0.025,False,False
Pakistan,PAK,death_rate,M2_primary,0.003760560937066608,0.641384887621124,0.09104024998821245,0.025,False,False
Timor-Leste,TLS,death_rate,M2_primary,0.003368550440984901,-0.7172528681277216,0.06698279320024815,0.025,False,False
Paraguay,PRY,death_rate,M2_primary,0.003256892649739439,0.7946624394496395,0.053560914390456474,0.025,False,False
Sierra Leone,SLE,death_rate,M2_primary,0.003148595331533899,1.1079016624777387,0.027483160387907813,0.025,False,False
Burundi,BDI,death_rate,M2_primary,0.0030918653113385887,-0.8469856587430109,0.04518118105850902,0.025,False,False
Lithuania,LTU,death_rate,M2_primary,0.0030703443694622494,1.1745686087928129,0.023955092434607944,0.025,False,False
Malawi,MWI,death_rate,M2_primary,0.0029761361776703583,-0.6180752032401501,0.07863060673167604,0.025,False,False
Burkina Faso,BFA,death_rate,M2_primary,0.0029354744133928763,-1.010472667777326,0.03065912352266192,0.025,False,False
Madagascar,MDG,death_rate,M2_primary,0.0026189089188070704,-0.8944906848352591,0.034708582278795794,0.025,False,False
Ethiopia,ETH,death_rate,M2_primary,0.0025649621422348837,-0.6186636207820031,0.06839046303619215,0.025,False,False
Latvia,LVA,death_rate,M2_primary,0.0025542827033492067,1.0035698396506796,0.027141689979765442,0.025,False,False
Mauritius,MUS,death_rate,M2_primary,0.002513587751841354,0.4529440864727865,0.11820653233468711,0.025,False,False
France,FRA,death_rate,M2_primary,0.0024919503159524636,-1.0009993467925435,0.026628632956505444,0.025,False,False
China,CHN,death_rate,M2_primary,0.002436119965687119,-0.6222151209319186,0.06448671073076505,0.025,False,False
Nigeria,NGA,death_rate,M2_primary,0.002428709231712114,0.8133710851594217,0.03873009392356016,0.025,False,False
Angola,AGO,death_rate,M2_primary,0.002399426859149038,0.7317174819362715,0.04684061612877556,0.025,False,False
Gambia,GMB,death_rate,M2_primary,0.0022623704591017797,-0.7305971104426902,0.04441295809785686,0.025,False,False
Italy,ITA,death_rate,M2_primary,0.002210371877936065,-0.7794402390967097,0.03838386191175005,0.025,False,False
Niger,NER,death_rate,M2_primary,0.0021540319466764107,0.7628269987826145,0.03901995268131915,0.025,False,False
Sudan,SDN,death_rate,M2_primary,0.002137874898513521,-0.9081847106767322,0.027689840990160617,0.025,False,False
Dominica,DMA,death_rate,M2_primary,0.002017395861735111,0.6349392688384271,0.05197517841370918,0.025,False,False
Uganda,UGA,death_rate,M2_primary,0.002011903885889279,-0.8566308687979167,0.029224999441097313,0.025,False,False
Ecuador,ECU,death_rate,M2_primary,0.001962871563638856,-0.649483381819946,0.04851350153050363,0.025,False,False
Saint Kitts and Nevis,KNA,death_rate,M2_primary,0.0018211588454347869,0.41074767821910896,0.10560617489029639,0.025,False,False
Bahrain,BHR,death_rate,M2_primary,0.0017922904785724382,0.4005059325618794,0.10890617342414842,0.025,False,False
Argentina,ARG,death_rate,M2_primary,0.0017487597289856398,0.5468012902317724,0.06018106745792991,0.025,False,False
Peru,PER,death_rate,M2_primary,0.0017158567980148673,-0.5331289617884686,0.061990494425534434,0.025,False,False
Ukraine,UKR,death_rate,M2_primary,0.0016858947459407797,0.6395490584454926,0.043208268757596514,0.025,False,False
Bulgaria,BGR,death_rate,M2_primary,0.0014891495393952398,0.7050596173966112,0.031796384867325056,0.025,False,False
Slovenia,SVN,death_rate,M2_primary,0.0013577490111323237,-0.6336432958537527,0.03572525344093007,0.025,False,False
Romania,ROU,death_rate,M2_primary,0.0013103248252706288,0.6408127182222809,0.033780342624617724,0.025,False,False
Azerbaijan,AZE,death_rate,M2_primary,0.0012714104582030323,0.4030945815690896,0.07884083363538091,0.025,False,False
Albania,ALB,death_rate,M2_primary,0.001268328849714788,-0.6873719112873218,0.028582909141926325,0.025,False,False
Rwanda,RWA,death_rate,M2_primary,0.001203838482172899,-0.6320603454789651,0.031958327442095015,0.025,False,False
Finland,FIN,death_rate,M2_primary,0.001181925571788629,-0.6122202504339816,0.03338823248083244,0.025,False,False
Hungary,HUN,death_rate,M2_primary,0.0011707417875201187,0.7037052848375028,0.025263048770194113,0.025,False,False
El Salvador,SLV,death_rate,M2_primary,0.0011185399546746225,0.4329596959080747,0.061278904586213226,0.025,False,False
New Zealand,NZL,death_rate,M2_primary,0.0010881676556486646,-0.37871459227497534,0.07661981225410604,0.025,False,False
Congo,COG,death_rate,M2_primary,0.000957271593353497,0.5139477748757533,0.03815443987581152,0.025,False,False
Spain,ESP,death_rate,M2_primary,0.0009256278375012573,-0.6285434944694667,0.02502561855840066,0.025,False,False
Solomon Islands,SLB,death_rate,M2_primary,0.0007849088280346897,0.30682932895405035,0.08353802910592492,0.025,False,False
Sweden,SWE,death_rate,M2_primary,0.0007842060472717206,-0.5411108117854754,0.02848611738747313,0.025,False,False
Luxembourg,LUX,death_rate,M2_primary,0.0007554622911058212,0.3647400052989342,0.05847068430254283,0.025,False,False
Cote d'Ivoire,CIV,death_rate,M2_primary,0.0007470251596529744,0.488592776121964,0.033111998836226675,0.025,False,False
Guatemala,GTM,death_rate,M2_primary,0.0007444964868133261,-0.37602771236674726,0.05444910075030879,0.025,False,False
Greece,GRC,death_rate,M2_primary,0.0007423650802590814,-0.4483577692774507,0.03883503414722939,0.025,False,False
Vietnam,VNM,death_rate,M2_primary,0.0006941086650324572,-0.30035131658116293,0.07759319793843658,0.025,False,False
Malaysia,MYS,death_rate,M2_primary,0.0006841905130850461,0.30474998967422656,0.07453975966187848,0.025,False,False
Panama,PAN,death_rate,M2_primary,0.0006773748841658016,-0.3700258860342917,0.0513275897116576,0.025,False,False
Guinea,GIN,death_rate,M2_primary,0.0006554322207036758,0.5005218827596705,0.02783705952150487,0.025,False,False
Switzerland,CHE,death_rate,M2_primary,0.0006371639134853569,-0.485805912173686,0.028697252727685536,0.025,False,False
Ghana,GHA,death_rate,M2_primary,0.0005591588248851322,0.418038274717258,0.033817605025298174,0.025,False,False
Benin,BEN,death_rate,M2_primary,0.0004383776900655096,-0.4017807426596057,0.028846921449515898,0.025,False,False
Bangladesh,BGD,death_rate,M2_primary,0.0004256791260644013,0.1486746132940454,0.17385857271269747,0.025,False,False
North Macedonia,MKD,death_rate,M2_primary,0.000422120254567804,0.4171652657212984,0.025847895160931094,0.025,False,False
Saint Lucia,LCA,death_rate,M2_primary,0.0003609025745828882,0.1913301138056306,0.09726551558267293,0.025,False,False
Democratic Republic of Congo,COD,death_rate,M2_primary,0.0003509815488888323,-0.29817833676847966,0.041372425416270425,0.025,False,False
Togo,TGO,death_rate,M2_primary,0.0003482705124703947,-0.3697282195250001,0.027107255559916492,0.025,False,False
Barbados,BRB,death_rate,M2_primary,0.0003260607718493716,0.19853383380102363,0.08291320676288419,0.025,False,False
Sri Lanka,LKA,death_rate,M2_primary,0.0003207208921685392,0.11995865108253889,0.19584563069803687,0.025,False,False
Iceland,ISL,death_rate,M2_primary,0.000289989799740417,-0.2645047059115977,0.0433455383184133,0.025,False,False
Israel,ISR,death_rate,M2_primary,0.00028730756322947103,0.20260999947327574,0.07105640457436298,0.025,False,False
Jamaica,JAM,death_rate,M2_primary,0.0002529549524690841,0.2263314056052143,0.05120857839091322,0.025,False,False
Mali,MLI,death_rate,M2_primary,0.0002470496863201285,0.3003431451912606,0.029071592336867718,0.025,False,False
Serbia,SRB,death_rate,M2_primary,0.00022047170663465367,-0.24422332535491273,0.03883468563130866,0.025,False,False
Estonia,EST,death_rate,M2_primary,0.0002112153088150571,0.29975591510772404,0.025055410524397446,0.025,False,False
Mexico,MEX,death_rate,M2_primary,0.00019301610446994833,0.19322119745763347,0.0534800090367723,0.025,False,False
Germany,DEU,death_rate,M2_primary,0.00017895173450379392,0.25063385495612484,0.030198928203403013,0.025,False,False
Syria,SYR,death_rate,M2_primary,0.0001536246505671067,0.12355338856098569,0.09907275339630078,0.025,False,False
Czechia,CZE,death_rate,M2_primary,0.00014977090199337905,-0.2558223958004271,0.024405066269234128,0.025,False,False
Montenegro,MNE,death_rate,M2_primary,0.00012700982998370994,0.23523296886363454,0.024474292733450483,0.025,False,False
Thailand,THA,death_rate,M2_primary,9.099959664559414e-05,0.11833998160941067,0.06629708193918764,0.025,False,False
Lebanon,LBN,death_rate,M2_primary,7.555484091434666e-05,-0.09604519767173328,0.0821448490630583,0.025,False,False
Liberia,LBR,death_rate,M2_primary,6.72338026968038e-05,-0.11703040872802435,0.05091031738073169,0.025,False,False
Armenia,ARM,death_rate,M2_primary,6.476609055353709e-05,-0.1353325060668107,0.03720482054927435,0.025,False,False
Norway,NOR,death_rate,M2_primary,6.361025843399166e-05,-0.14643551371211153,0.03139861327084669,0.025,False,False
Mongolia,MNG,death_rate,M2_primary,6.0722857680422126e-05,0.09330769923604137,0.07081315921821799,0.025,False,False
Philippines,PHL,death_rate,M2_primary,4.108832617658786e-05,-0.07161461937400915,0.08049217872225238,0.025,False,False
Netherlands,NLD,death_rate,M2_primary,3.736949972806921e-05,0.10865470885396451,0.03343147975074884,0.025,False,False
Malta,MLT,death_rate,M2_primary,3.623287894224624e-05,0.05265679910067417,0.12494164403776163,0.025,False,False
Zambia,ZMB,death_rate,M2_primary,2.8559632884573062e-05,0.10481767368415007,0.027619771259410213,0.025,False,False
Moldova,MDA,death_rate,M2_primary,2.425254693705992e-05,-0.06585864534905009,0.05757818328244257,0.025,False,False
Guinea-Bissau,GNB,death_rate,M2_primary,2.3171202849817627e-05,0.09204552237445457,0.02901669867208182,0.025,False,False
Austria,AUT,death_rate,M2_primary,1.448495246619421e-05,-0.07557188048027592,0.02696557662813995,0.025,False,False
United Kingdom,GBR,death_rate,M2_primary,1.4432977465455878e-05,0.07864176324048625,0.02486567051367073,0.025,False,False
Brazil,BRA,death_rate,M2_primary,1.3418550263225179e-05,0.04752761458462085,0.060950438835008364,0.025,False,False
Slovakia,SVK,death_rate,M2_primary,8.261639436301969e-06,0.05363812190183353,0.03042136676314484,0.025,False,False
Andorra,AND,death_rate,M2_primary,8.08157792463528e-06,-0.033976621894661184,0.07105540242989956,0.025,False,False
Denmark,DNK,death_rate,M2_primary,5.721580081015785e-06,0.04617093398032947,0.028490501870783884,0.025,False,False
Cyprus,CYP,death_rate,M2_primary,4.94231701190905e-06,0.039416629214638614,0.03358968137089763,0.025,False,False
Croatia,HRV,death_rate,M2_primary,4.6930223298563586e-06,0.03540746738002615,0.03929391015831788,0.025,False,False
Ireland,IRL,death_rate,M2_primary,4.398570311548806e-06,0.02674025837260673,0.06297956176080098,0.025,False,False
Poland,POL,death_rate,M2_primary,2.012808915278393e-06,0.028287501028143855,0.026749070132911123,0.025,False,False
Zimbabwe,ZWE,death_rate,M2_primary,7.551685225806009e-07,-0.01616318113391967,0.030616443931977683,0.025,False,False
Belgium,BEL,death_rate,M2_primary,1.500842383625925e-07,-0.007619904547319726,0.02746684286216726,0.025,False,False
