iso_code,wb_country_name,wb_region,income_group,lending_type,gdp_per_capita_ppp_2021,gdp_per_capita_ppp_2021_year,gdp_per_capita_ppp_2021_lag,urban_population_pct,urban_population_pct_year,urban_population_pct_lag,population_age_65plus_pct,population_age_65plus_pct_year,population_age_65plus_pct_lag,health_expenditure_per_capita_usd,health_expenditure_per_capita_usd_year,health_expenditure_per_capita_usd_lag,uhc_service_coverage_index,uhc_service_coverage_index_year,uhc_service_coverage_index_lag,manufacturing_value_added_pct_gdp,manufacturing_value_added_pct_gdp_year,manufacturing_value_added_pct_gdp_lag,pm25_mean_annual_ug_m3,pm25_mean_annual_ug_m3_year,pm25_mean_annual_ug_m3_lag,log_gdp_per_capita_ppp,log_health_expenditure_per_capita
AFG,Afghanistan,"Middle East, North Africa, Afghanistan & Pakistan",Low income,IDA,1981.71016810561,2022.0,0.0,25.3939250580909,2022,0,2.35514236704931,2022,0,80.6516037,2022.0,0.0,,,,10.1902619598408,2022.0,0.0,40.2067792804569,2022.0,0.0,7.592219959544949,4.402461460374845
AGO,Angola,Sub-Saharan Africa ,Lower middle income,IBRD,8750.99363032299,2022.0,0.0,69.0506188977513,2022,0,2.77333855965152,2022,0,103.94506073,2022.0,0.0,,,,6.71647813736907,2022.0,0.0,22.5172239045117,2022.0,0.0,9.077036796864764,4.653436982081485
ALB,Albania,Europe & Central Asia,Upper middle income,IBRD,19388.7927279351,2022.0,0.0,57.8643477747383,2022,0,15.7763381628571,2022,0,506.86920166,2022.0,0.0,,,,7.50461634545543,2022.0,0.0,16.4538233724819,2022.0,0.0,9.872502058542384,6.230223937378332
AND,Andorra,Europe & Central Asia,High income,Not classified,63913.3835079105,2022.0,0.0,88.7548766267286,2022,0,14.9689479957343,2022,0,3190.11328125,2022.0,0.0,,,,3.57566714740944,2022.0,0.0,11.4677282320292,2022.0,0.0,11.065299709056276,8.068125125883162
ARE,United Arab Emirates,"Middle East, North Africa, Afghanistan & Pakistan",High income,Not classified,70075.63837395,2022.0,0.0,85.5147347682487,2022,0,1.63973912932682,2022,0,2240.9050293,2022.0,0.0,,,,8.54436252357344,2022.0,0.0,67.6947186324117,2022.0,0.0,11.157344756051504,7.715081242922236
ARG,Argentina,Latin America & Caribbean ,Upper middle income,IBRD,27825.0273492567,2022.0,0.0,92.112838186126,2022,0,12.0340800139112,2022,0,1415.79577637,2022.0,0.0,,,,16.4165686180445,2022.0,0.0,15.8656062718096,2022.0,0.0,10.233727097268323,7.256153105358873
ARM,Armenia,Europe & Central Asia,Upper middle income,IBRD,17886.1783877168,2022.0,0.0,65.5624462874485,2022,0,12.9151582271286,2022,0,674.78619385,2022.0,0.0,,,,11.4321929622965,2022.0,0.0,29.3633535061781,2022.0,0.0,9.791839443980738,6.515876744728507
ATG,Antigua and Barbuda,Latin America & Caribbean ,High income,IBRD,27785.5572316838,2022.0,0.0,24.5114484000414,2022,0,10.728672985782,2022,0,891.00323486,2022.0,0.0,,,,2.70411490543874,2022.0,0.0,7.94265413166136,2022.0,0.0,10.232307629912233,6.793469759098097
AUS,Australia,East Asia & Pacific,High income,Not classified,60029.1329190733,2022.0,0.0,87.3343268253813,2022,0,17.0750320469828,2022,0,6723.98242188,2022.0,0.0,,,,5.28875408553718,2022.0,0.0,5.30273651659332,2022.0,0.0,11.00260193045422,8.813584590619783
AUT,Austria,Europe & Central Asia,High income,Not classified,65694.4591501468,2022.0,0.0,68.998085127906,2022,0,19.7897509199721,2022,0,5897.97607422,2022.0,0.0,,,,16.6515788411782,2022.0,0.0,10.6275168759367,2022.0,0.0,11.092785087170105,8.68253406809046
AZE,Azerbaijan,Europe & Central Asia,Upper middle income,IBRD,21051.2442291612,2022.0,0.0,58.4382815854684,2022,0,7.52651403008595,2022,0,261.44659424,2022.0,0.0,,,,5.28338982494195,2022.0,0.0,24.1942721597719,2022.0,0.0,9.95476244763957,5.57004761081853
BDI,Burundi,Sub-Saharan Africa ,Low income,IDA,1028.11134640179,2022.0,0.0,22.3202446002597,2022,0,2.48584998345669,2022,0,25.52155113,2022.0,0.0,,,,11.2360651354458,2022.0,0.0,36.3050025944922,2022.0,0.0,6.936450938339315,3.2779576526720997
BEL,Belgium,Europe & Central Asia,High income,Not classified,62602.9270469765,2022.0,0.0,87.489200269855,2022,0,19.7671927585206,2022,0,5487.59277344,2022.0,0.0,,,,12.5247695210532,2022.0,0.0,10.074123834212,2022.0,0.0,11.044583287500412,8.610427176225835
BEN,Benin,Sub-Saharan Africa ,Lower middle income,IDA,3588.32519938147,2022.0,0.0,50.9627000010887,2022,0,3.06253123069402,2022,0,37.76291275,2022.0,0.0,,,,9.82357547560919,2022.0,0.0,41.496929120914,2022.0,0.0,8.185719497068254,3.657463932547883
BFA,Burkina Faso,Sub-Saharan Africa ,Low income,IDA,2469.19956941259,2022.0,0.0,27.2791369742712,2022,0,2.59465547584363,2022,0,64.38339996,2022.0,0.0,,,,10.2229346053963,2022.0,0.0,41.5553296753411,2022.0,0.0,7.812054223691127,4.180268403002992
BGD,Bangladesh,South Asia,Lower middle income,IDA,7888.16389098304,2022.0,0.0,31.673734726234,2022,0,6.13515765182076,2022,0,56.62142181,2022.0,0.0,,,,21.7648193612213,2022.0,0.0,63.2199514017555,2022.0,0.0,8.973245437500044,4.053894404985405
BGR,Bulgaria,Europe & Central Asia,High income,IBRD,32433.6587569626,2022.0,0.0,73.4799164005224,2022,0,21.6972972212748,2022,0,1066.69189453,2022.0,0.0,,,,,,,22.8155719307165,2022.0,0.0,10.38698284476439,6.973254489631604
BHR,Bahrain,"Middle East, North Africa, Afghanistan & Pakistan",High income,Not classified,57572.997981018,2022.0,0.0,100.0,2022,0,3.49895236846893,2022,0,1178.80664063,2022.0,0.0,,,,20.9350892016844,2022.0,0.0,62.6696652208807,2022.0,0.0,10.96082632082086,7.073105840159678
BIH,Bosnia and Herzegovina,Europe & Central Asia,Upper middle income,IBRD,19298.117076437,2022.0,0.0,51.0215287060993,2022,0,21.1032694063471,2022,0,667.29681396,2022.0,0.0,,,,14.3713830291935,2022.0,0.0,27.1094617563555,2022.0,0.0,9.867814626511665,6.504732407125741
BLR,Belarus,Europe & Central Asia,Upper middle income,IBRD,26537.5083081674,2022.0,0.0,78.4732787892908,2022,0,16.5067849004664,2022,0,529.01873779,2022.0,0.0,,,,23.9940952095839,2022.0,0.0,11.3970306974406,2022.0,0.0,10.18635210088715,6.272912360241973
BLZ,Belize,Latin America & Caribbean ,Upper middle income,Blend,12565.3645829576,2022.0,0.0,42.1373251262137,2022,0,4.70833033299978,2022,0,298.01553345,2022.0,0.0,,,,6.69017982776567,2022.0,0.0,16.0563950590085,2022.0,0.0,9.438779045987626,5.700495523379055
BRA,Brazil,Latin America & Caribbean ,Upper middle income,IBRD,18554.0461828566,2022.0,0.0,87.349556243881,2022,0,10.251784783293,2022,0,871.27526855,2022.0,0.0,,,,13.0740816282273,2022.0,0.0,14.946073685839,2022.0,0.0,9.828497062462585,6.771105049036788
BRB,Barbados,Latin America & Caribbean ,High income,IBRD,20494.5343836936,2022.0,0.0,59.3538514107686,2022,0,15.6987864748263,2022,0,1302.0592041,2022.0,0.0,,,,5.15242843434544,2022.0,0.0,10.7984053903982,2022.0,0.0,9.927962306455248,7.172470012853947
BTN,Bhutan,South Asia,Lower middle income,IDA,14061.3120274588,2022.0,0.0,40.9365143617581,2022,0,6.24575417667363,2022,0,138.00679016,2022.0,0.0,,,,8.72709229133396,2022.0,0.0,25.657638995936,2022.0,0.0,9.551253591921174,4.934522782009508
CAF,Central African Republic,Sub-Saharan Africa ,Low income,IDA,1136.80171107045,2022.0,0.0,43.2751967457285,2022,0,2.14369661121692,2022,0,47.91523361,2022.0,0.0,,,,18.3417721525793,2022.0,0.0,32.636811446638,2022.0,0.0,7.036853356156557,3.890088873733621
CAN,Canada,North America,High income,Not classified,58583.1299860138,2022.0,0.0,82.3500897353968,2022,0,18.9407471303288,2022,0,6252.34033203,2022.0,0.0,,,,9.32446695410476,2022.0,0.0,6.38948485769886,2022.0,0.0,10.978219119535622,8.740871053086043
CHE,Switzerland,Europe & Central Asia,High income,Not classified,85762.2829174304,2022.0,0.0,84.9206266284521,2022,0,19.2186649457438,2022,0,10930.13964844,2022.0,0.0,,,,19.9238153481674,2022.0,0.0,10.174784111954,2022.0,0.0,11.359346255859158,9.299370843661869
CHL,Chile,Latin America & Caribbean ,High income,IBRD,29560.4513805785,2022.0,0.0,88.6395352768685,2022,0,13.300080015705,2022,0,1541.37927246,2022.0,0.0,,,,9.50169647954698,2022.0,0.0,29.1705232939256,2022.0,0.0,10.294226473335096,7.34108148526754
CHN,China,East Asia & Pacific,Upper middle income,IBRD,21499.3125559757,2022.0,0.0,65.2176361083984,2022,0,13.781930345649,2022,0,755.43597412,2022.0,0.0,,,,25.9806695043084,2022.0,0.0,31.8957749766111,2022.0,0.0,9.975822751497327,6.628617895304356
CIV,Cote d'Ivoire,Sub-Saharan Africa ,Lower middle income,Blend,6272.26395760029,2022.0,0.0,52.8492549676673,2022,0,2.53282102103497,2022,0,84.89915466,2022.0,0.0,,,,12.8110776060833,2022.0,0.0,21.8306712275434,2022.0,0.0,8.744052065579128,4.453173987963906
CMR,Cameroon,Sub-Saharan Africa ,Lower middle income,Blend,4843.65038202917,2022.0,0.0,54.8458745688318,2022,0,2.76317198222408,2022,0,72.12950897,2022.0,0.0,,,,13.3641819102017,2022.0,0.0,56.6299237952112,2022.0,0.0,8.485630361149273,4.292231964779257
COD,"Congo, Dem. Rep.",Sub-Saharan Africa ,Low income,IDA,1484.33841881449,2022.0,0.0,44.003287663813,2022,0,3.06604683841811,2022,0,24.3800106,2022.0,0.0,,,,9.48948032952368,2022.0,0.0,36.8333103350476,2022.0,0.0,7.303397916731055,3.2339618799378487
COG,"Congo, Rep.",Sub-Saharan Africa ,Lower middle income,Blend,6205.1050414034,2022.0,0.0,63.6422003342807,2022,0,2.84985975386671,2022,0,53.11892319,2022.0,0.0,,,,12.8531970155196,2020.0,2.0,37.5746809256317,2022.0,0.0,8.733288770647135,3.9911839063936325
COL,Colombia,Latin America & Caribbean ,Upper middle income,IBRD,18458.7209460704,2022.0,0.0,78.0464633137335,2022,0,9.00655628107831,2022,0,507.07064819,2022.0,0.0,,,,11.1476678003017,2022.0,0.0,18.8527177779036,2022.0,0.0,9.823346391261675,6.230620509149131
COM,Comoros,Sub-Saharan Africa ,Lower middle income,IDA,3465.8402271705,2022.0,0.0,32.7746035528748,2022,0,4.45529065390536,2022,0,124.14363861,2022.0,0.0,,,,7.50072769002747,2022.0,0.0,12.0356986217286,2022.0,0.0,8.150998860738069,4.829462186462037
CRI,Costa Rica,Latin America & Caribbean ,High income,IBRD,25290.0087466975,2022.0,0.0,78.4405687613972,2022,0,11.2620626162428,2022,0,978.84155273,2022.0,0.0,,,,14.1335020327695,2022.0,0.0,18.2413082350632,2022.0,0.0,10.13820422604519,6.887390877705099
CUB,Cuba,Latin America & Caribbean ,Upper middle income,Not classified,,,,77.1056060791016,2022,0,15.8758777267623,2022,0,1199.35327148,2020.0,2.0,,,,10.7402861822829,2022.0,0.0,9.40611001829951,2022.0,0.0,,7.090371185351005
CYP,Cyprus,Europe & Central Asia,High income,Not classified,50840.9140625,2022.0,0.0,66.6694829407584,2022,0,14.0779422699926,2022,0,2748.6159668,2022.0,0.0,,,,4.29843767661889,2022.0,0.0,21.3967671637857,2022.0,0.0,10.836476373345677,7.919216532472503
CZE,Czechia,Europe & Central Asia,High income,Not classified,48390.661678675,2022.0,0.0,72.6967638379524,2022,0,20.5183106530339,2022,0,2431.08496094,2022.0,0.0,,,,19.3950613571424,2022.0,0.0,12.8501106624388,2022.0,0.0,10.787082798496709,7.796504177072898
DEU,Germany,Europe & Central Asia,High income,Not classified,63777.9291029299,2022.0,0.0,81.7867852780995,2022,0,22.4589063795192,2022,0,6226.14208984,2022.0,0.0,,,,18.3217735042199,2022.0,0.0,9.64877683820048,2022.0,0.0,11.063178149939077,8.73667277295803
DJI,Djibouti,"Middle East, North Africa, Afghanistan & Pakistan",Lower middle income,IDA,6180.67998594606,2022.0,0.0,72.6109938538856,2022,0,4.62735776047053,2022,0,79.13184357,2022.0,0.0,,,,5.02666091887994,2022.0,0.0,39.044711370559,2022.0,0.0,8.729345355895383,4.3836733227635545
DMA,Dominica,Latin America & Caribbean ,Upper middle income,Blend,17550.8009946466,2022.0,0.0,72.682648635692,2022,0,12.585576081345,2022,0,542.53948975,2022.0,0.0,,,,3.95180321827055,2022.0,0.0,11.1561568187343,2022.0,0.0,9.772911844406444,6.298102362155453
DNK,Denmark,Europe & Central Asia,High income,Not classified,69089.4692492289,2022.0,0.0,88.3880239837703,2022,0,20.4007400764725,2022,0,6451.19433594,2022.0,0.0,,,,12.8241154699449,2022.0,0.0,8.20415192314087,2022.0,0.0,11.143172073314298,8.772175559054977
DZA,Algeria,"Middle East, North Africa, Afghanistan & Pakistan",Upper middle income,IBRD,14782.2002970247,2022.0,0.0,74.1795862354514,2022,0,6.18696352392874,2022,0,180.33454895,2022.0,0.0,,,,10.2173706724576,2022.0,0.0,19.1821741766237,2022.0,0.0,9.60124669995526,5.200343661933745
ECU,Ecuador,Latin America & Caribbean ,Upper middle income,IBRD,14186.6388544625,2022.0,0.0,63.0901835932266,2022,0,7.85040162653543,2022,0,495.30380249,2022.0,0.0,,,,12.8847307909688,2022.0,0.0,19.8012550282051,2022.0,0.0,9.560126361274543,6.2071882442404505
EGY,"Egypt, Arab Rep.","Middle East, North Africa, Afghanistan & Pakistan",Lower middle income,IBRD,16360.390775011,2022.0,0.0,42.6325129008032,2022,0,4.82840349955892,2022,0,171.67852783,2022.0,0.0,,,,15.9705322282435,2022.0,0.0,42.2068092839445,2022.0,0.0,9.702679617241028,5.151431645228188
ESP,Spain,Europe & Central Asia,High income,Not classified,46733.4809780536,2022.0,0.0,79.9548794567814,2022,0,20.1879992491906,2022,0,2948.61474609,2022.0,0.0,,,,11.0279875249207,2022.0,0.0,11.9338447646942,2022.0,0.0,10.75223752191799,7.989429846259893
EST,Estonia,Europe & Central Asia,High income,Not classified,43124.6196563775,2022.0,0.0,70.4892333736738,2022,0,20.6300461857585,2022,0,1998.74523926,2022.0,0.0,,,,11.9959443459942,2022.0,0.0,6.63187069919039,2022.0,0.0,10.671872523073967,7.600775071058514
ETH,Ethiopia,Sub-Saharan Africa ,Low income,IDA,2655.59276743639,2022.0,0.0,22.7367687225342,2022,0,3.12441623217276,2022,0,27.06845474,2022.0,0.0,,,,4.24106228559317,2022.0,0.0,23.5261339843168,2022.0,0.0,7.884799666205948,3.3346463386269076
FIN,Finland,Europe & Central Asia,High income,Not classified,57068.3056478074,2022.0,0.0,73.6967597835949,2022,0,23.2287672110978,2022,0,4902.0390625,2022.0,0.0,,,,15.7551618539463,2022.0,0.0,5.11856750896099,2022.0,0.0,10.952021696780857,8.497610508680479
FJI,Fiji,East Asia & Pacific,Upper middle income,Blend,12118.3182710082,2022.0,0.0,58.1352701465266,2022,0,6.20928148336672,2022,0,217.15068054,2022.0,0.0,,,,11.7043702034075,2022.0,0.0,7.3625428766382,2022.0,0.0,9.402556009774662,5.3851860191613605
FRA,France,Europe & Central Asia,High income,Not classified,53673.8137406422,2022.0,0.0,78.7591921123356,2022,0,21.3773491158756,2022,0,4857.73388672,2022.0,0.0,,,,9.3013624882498,2022.0,0.0,10.3836622746905,2022.0,0.0,10.890699152608539,8.488533165818254
GAB,Gabon,Sub-Saharan Africa ,Upper middle income,IBRD,18662.0497970472,2022.0,0.0,91.2243355459988,2022,0,4.01133890116906,2022,0,243.09941101,2022.0,0.0,,,,20.8000410208541,2022.0,0.0,32.1853662714696,2022.0,0.0,9.834300901402642,5.497575564491456
GBR,United Kingdom,Europe & Central Asia,High income,Not classified,53979.7679116234,2022.0,0.0,83.0753982997505,2022,0,18.9303147227989,2022,0,5111.81738281,2022.0,0.0,,,,7.9613351523025,2022.0,0.0,10.016644435978,2022.0,0.0,10.896383112325262,8.539505878191425
GEO,Georgia,Europe & Central Asia,Upper middle income,IBRD,20966.5280391134,2022.0,0.0,60.0101622679115,2022,0,15.086921296037,2022,0,546.22503662,2022.0,0.0,,,,9.72325569585506,2022.0,0.0,19.351565028902,2022.0,0.0,9.950730236123126,6.304860119318673
GHA,Ghana,Sub-Saharan Africa ,Lower middle income,IDA,6728.45413832472,2022.0,0.0,57.250609602871,2022,0,3.56150287042033,2022,0,82.32108307,2022.0,0.0,,,,11.4844320300242,2022.0,0.0,30.0880306483719,2022.0,0.0,8.814249310630817,4.422701615228113
GIN,Guinea,Sub-Saharan Africa ,Lower middle income,IDA,3792.01068836277,2022.0,0.0,37.2384967469106,2022,0,3.43104090696519,2022,0,53.2922287,2022.0,0.0,,,,12.7453563521224,2022.0,0.0,27.6046011191563,2022.0,0.0,8.240915359602875,3.994381098833831
GMB,"Gambia, The",Sub-Saharan Africa ,Low income,IDA,2863.18049829859,2022.0,0.0,63.2869880996278,2022,0,2.88979203252834,2022,0,29.57811737,2022.0,0.0,,,,1.43076291164454,2022.0,0.0,36.1413467657693,2022.0,0.0,7.96003754924361,3.4202846345115905
GNB,Guinea-Bissau,Sub-Saharan Africa ,Low income,IDA,2600.802474483,2022.0,0.0,45.1627159118652,2022,0,3.09029227334318,2022,0,68.01049042,2022.0,0.0,,,,7.00649344964373,2022.0,0.0,31.6464547644496,2022.0,0.0,7.863959743232807,4.234258528113563
GRC,Greece,Europe & Central Asia,High income,Not classified,35828.1756641776,2022.0,0.0,78.5502190980809,2022,0,23.2281742678017,2022,0,1768.11071777,2022.0,0.0,,,,9.72102945141494,2022.0,0.0,16.3030538124793,2022.0,0.0,10.48651780317354,7.478232279974005
GTM,Guatemala,Latin America & Caribbean ,Upper middle income,IBRD,12144.4800461597,2022.0,0.0,55.2581228215265,2022,0,4.62989239560537,2022,0,384.06158447,2022.0,0.0,,,,14.0877396415755,2022.0,0.0,28.3120937251037,2022.0,0.0,9.404712366893065,5.953403281157939
GUY,Guyana,Latin America & Caribbean ,High income,IDA,37068.1993827588,2022.0,0.0,26.4536735068183,2022,0,6.22245590205894,2022,0,452.23754883,2022.0,0.0,,,,1.86702615759206,2022.0,0.0,17.5047665611304,2022.0,0.0,10.520541698467762,6.116416378391661
HND,Honduras,Latin America & Caribbean ,Lower middle income,IDA,6352.58710177732,2022.0,0.0,57.8364689017254,2022,0,4.16665073884696,2022,0,244.90408325,2022.0,0.0,,,,16.219500578367,2022.0,0.0,29.6637651594529,2022.0,0.0,8.75677483030966,5.504941554411649
HRV,Croatia,Europe & Central Asia,High income,IBRD,39863.9109377649,2022.0,0.0,56.9977571733605,2022,0,22.4847051223347,2022,0,1328.80371094,2022.0,0.0,,,,12.2757457885318,2022.0,0.0,16.8333506097167,2022.0,0.0,10.59325179083815,7.192786624564551
HTI,Haiti,Latin America & Caribbean ,Lower middle income,IDA,3029.77866381702,2022.0,0.0,53.8524949966907,2022,0,4.54071966651153,2022,0,52.28417587,2022.0,0.0,,,,20.0720393631843,2022.0,0.0,14.6394225854133,2022.0,0.0,8.016574850246581,3.9756393990993386
HUN,Hungary,Europe & Central Asia,High income,Not classified,40610.9711368238,2022.0,0.0,70.1585064243445,2022,0,20.6075593133653,2022,0,1228.00231934,2022.0,0.0,,,,16.7771082108585,2022.0,0.0,13.9643061911554,2022.0,0.0,10.611818157715252,7.113957996740821
IND,India,South Asia,Lower middle income,IBRD,8347.38478647086,2022.0,0.0,34.7555673994206,2022,0,6.69899975408181,2022,0,81.50888824,2022.0,0.0,,,,13.3327202623974,2022.0,0.0,50.6577446303517,2022.0,0.0,9.029823360387208,4.412906023779928
IRL,Ireland,Europe & Central Asia,High income,Not classified,123007.47648651,2022.0,0.0,63.8920250215059,2022,0,15.16194031114,2022,0,6407.92333984,2022.0,0.0,,,,37.0980377487837,2022.0,0.0,8.10103504227002,2022.0,0.0,11.720008546504529,8.76544657010331
IRQ,Iraq,"Middle East, North Africa, Afghanistan & Pakistan",Upper middle income,IBRD,13433.3977166956,2022.0,0.0,69.8682861328125,2022,0,3.39760558019799,2022,0,283.17074585,2022.0,0.0,,,,2.24623679872033,2022.0,0.0,59.5284377287451,2022.0,0.0,9.505573690621247,5.649575275283892
ISL,Iceland,Europe & Central Asia,High income,Not classified,66581.2441801002,2022.0,0.0,94.1787071228028,2022,0,15.1109948456115,2022,0,6851.62939453,2022.0,0.0,,,,9.85678509406482,2022.0,0.0,4.87771243846275,2022.0,0.0,11.106193217080943,8.83238771081953
ISR,Israel,"Middle East, North Africa, Afghanistan & Pakistan",High income,Not classified,48132.3637205177,2022.0,0.0,91.4979834273327,2022,0,12.3030366078735,2022,0,4107.72998047,2022.0,0.0,,,,12.0735689690971,2022.0,0.0,23.0791533108637,2022.0,0.0,10.781730848085248,8.320869252552807
ITA,Italy,Europe & Central Asia,High income,Not classified,52333.3274270604,2022.0,0.0,69.4839779766539,2022,0,23.929189689659,2022,0,3154.57104492,2022.0,0.0,,,,15.3822538780623,2022.0,0.0,16.2350417959884,2022.0,0.0,10.865407790903461,8.05692475540244
JAM,Jamaica,Latin America & Caribbean ,Upper middle income,IBRD,11096.6377085321,2022.0,0.0,57.9879906034775,2022,0,7.53711329893799,2022,0,521.12023926,2022.0,0.0,,,,8.13650312593322,2022.0,0.0,20.7985769822432,2022.0,0.0,9.314487545600075,6.25789790476763
JOR,Jordan,"Middle East, North Africa, Afghanistan & Pakistan",Upper middle income,IBRD,10158.4738771524,2022.0,0.0,92.4048379066163,2022,0,4.14208054031429,2022,0,334.387146,2022.0,0.0,,,,15.6966755214311,2022.0,0.0,33.3041989417809,2022.0,0.0,9.226161936046806,5.815285524265921
JPN,Japan,East Asia & Pacific,High income,Not classified,46819.360613609,2022.0,0.0,91.9776532428406,2022,0,29.4026473056942,2022,0,4201.79248047,2022.0,0.0,,,,18.8237454364041,2022.0,0.0,12.4368126972419,2022.0,0.0,10.75407344314273,8.343504459641515
KAZ,Kazakhstan,Europe & Central Asia,Upper middle income,IBRD,33506.2614893237,2022.0,0.0,61.444157327248,2022,0,7.98541663578261,2022,0,421.60028076,2022.0,0.0,,,,13.4242966658263,2022.0,0.0,18.9935714383546,2022.0,0.0,10.419517455199248,6.046426769545199
KEN,Kenya,Sub-Saharan Africa ,Lower middle income,Blend,5491.69378280246,2022.0,0.0,31.4307820066946,2022,0,2.86391987696116,2022,0,91.18416595,2022.0,0.0,,,,7.74068726212304,2022.0,0.0,20.77459729359,2022.0,0.0,8.611174084984134,4.523788379914033
KGZ,Kyrgyz Republic,Europe & Central Asia,Lower middle income,IDA,6139.77788825006,2022.0,0.0,34.7003053497743,2022,0,5.19936059005824,2022,0,88.07954407,2022.0,0.0,,,,13.6430601739162,2022.0,0.0,18.6929404908521,2022.0,0.0,8.72270670501385,4.489529724167717
KHM,Cambodia,East Asia & Pacific,Lower middle income,IDA,6458.3681488084,2022.0,0.0,40.374616187368,2022,0,5.7669541078253,2022,0,103.89541626,2022.0,0.0,,,,27.1223298665315,2022.0,0.0,19.8334520389805,2022.0,0.0,8.773286782210977,4.652963818165368
KNA,St. Kitts and Nevis,Latin America & Caribbean ,High income,IBRD,29749.8700864823,2022.0,0.0,31.6156404983167,2022,0,10.2356051766771,2022,0,1161.22058105,2022.0,0.0,,,,4.40400624938676,2022.0,0.0,8.26569398930937,2022.0,0.0,10.30061365715055,7.058087748183227
KOR,"Korea, Rep.",East Asia & Pacific,High income,Not classified,53228.6035655365,2022.0,0.0,81.1624941626873,2022,0,17.4846463366305,2022,0,3078.55151367,2022.0,0.0,,,,26.4977408590265,2022.0,0.0,23.4407513786108,2022.0,0.0,10.8823699785632,8.032539252920294
KWT,Kuwait,"Middle East, North Africa, Afghanistan & Pakistan",High income,Not classified,51379.8833194119,2022.0,0.0,100.0,2022,0,2.74657831156504,2022,0,1683.39929199,2022.0,0.0,,,,7.8743575039131,2022.0,0.0,74.5017071155815,2022.0,0.0,10.847021462408113,7.429164275954034
LAO,Lao PDR,East Asia & Pacific,Lower middle income,IDA,8183.03286472653,2022.0,0.0,38.0682382805397,2022,0,4.41710766922774,2022,0,41.34779739,2022.0,0.0,,,,8.80581309491413,2022.0,0.0,25.3425878362043,2022.0,0.0,9.009940323352447,3.745916410064285
LBN,Lebanon,"Middle East, North Africa, Afghanistan & Pakistan",Lower middle income,IBRD,11474.7505845558,2022.0,0.0,90.206313713022,2022,0,9.51346669072451,2022,0,230.39093018,2022.0,0.0,,,,1.42682987688995,2021.0,1.0,27.98267173145,2022.0,0.0,9.347991443208384,5.444108618572228
LBR,Liberia,Sub-Saharan Africa ,Low income,IDA,1578.99837069175,2022.0,0.0,54.4591057083,2022,0,3.2525393175955,2022,0,100.49607086,2022.0,0.0,,,,,,,18.0264041675687,2022.0,0.0,7.365179094812728,4.620020086993645
LCA,St. Lucia,Latin America & Caribbean ,Upper middle income,Blend,22811.2524480383,2022.0,0.0,29.097678526676,2022,0,9.00319385169565,2022,0,622.07244873,2022.0,0.0,,,,2.28778517489663,2022.0,0.0,10.5002168552844,2022.0,0.0,10.035053058673126,6.434662802122593
LIE,Liechtenstein,Europe & Central Asia,High income,Not classified,,,,14.6923070071538,2022,0,19.6263702724012,2022,0,10591.59277344,2022.0,0.0,,,,34.6010660800406,2022.0,0.0,,,,,9.267910240870668
LKA,Sri Lanka,South Asia,Upper middle income,IDA,13249.0650505201,2022.0,0.0,19.9877933196367,2022,0,11.3824347880542,2022,0,130.09327698,2022.0,0.0,,,,19.6510544330762,2022.0,0.0,24.0274945850207,2022.0,0.0,9.491757740875531,4.875909107837621
LSO,Lesotho,Sub-Saharan Africa ,Lower middle income,IDA,2577.54544127769,2022.0,0.0,41.6703965165322,2022,0,3.7929706372461,2022,0,133.32562256,2022.0,0.0,,,,16.282824396699,2022.0,0.0,30.7558120221266,2022.0,0.0,7.854980736480071,4.900266871333346
LTU,Lithuania,Europe & Central Asia,High income,Not classified,46642.5947251086,2022.0,0.0,68.2866452426813,2022,0,19.8607556942966,2022,0,1831.27734375,2022.0,0.0,,,,16.1675970699657,2022.0,0.0,11.0994312721468,2022.0,0.0,10.7502908919203,7.513314922285817
LUX,Luxembourg,Europe & Central Asia,High income,Not classified,132570.832272626,2022.0,0.0,94.7605400940185,2022,0,14.8424375777289,2022,0,7022.62695313,2022.0,0.0,,,,3.91238139846512,2022.0,0.0,9.07553744912506,2022.0,0.0,11.794879907868282,8.857035023587066
LVA,Latvia,Europe & Central Asia,High income,Not classified,37718.7097958367,2022.0,0.0,68.2570218109034,2022,0,21.0117630297337,2022,0,1642.47131348,2022.0,0.0,,,,11.9852535721668,2022.0,0.0,13.9221548814057,2022.0,0.0,10.53793804307614,7.4045659384219755
MAR,Morocco,"Middle East, North Africa, Afghanistan & Pakistan",Lower middle income,IBRD,8690.4482421875,2022.0,0.0,62.5118468550703,2022,0,7.5098132650741,2022,0,201.81098938,2022.0,0.0,,,,16.0498493107438,2022.0,0.0,21.3232528983588,2022.0,0.0,9.070094860551919,5.312274458513197
MCO,Monaco,Europe & Central Asia,High income,Not classified,,,,100.0,2022,0,37.0612486033161,2022,0,7674.09814453,2022.0,0.0,,,,,,,12.8418535012439,2022.0,0.0,,8.94573635993455
MDA,Moldova,Europe & Central Asia,Upper middle income,IBRD,15350.3120408391,2022.0,0.0,42.4048843383789,2022,0,15.1170014189217,2022,0,394.42373657,2022.0,0.0,,,,9.25131924589376,2022.0,0.0,14.5523227409262,2022.0,0.0,9.638956224335796,5.9799579407252725
MDG,Madagascar,Sub-Saharan Africa ,Low income,IDA,1602.42805197529,2022.0,0.0,31.5397813465886,2022,0,3.26762489022296,2022,0,15.85809231,2022.0,0.0,,,,12.0636550720283,2022.0,0.0,13.7055222398519,2022.0,0.0,7.3798991487628385,2.8248307972988203
MDV,Maldives,South Asia,Upper middle income,IDA,21357.8112511153,2022.0,0.0,41.0641769690663,2022,0,4.08161318358005,2022,0,883.91467285,2022.0,0.0,,,,1.99500404232389,2022.0,0.0,10.4145518024435,2022.0,0.0,9.96921963848777,6.785491225500961
MEX,Mexico,Latin America & Caribbean ,Upper middle income,IBRD,21391.8573698845,2022.0,0.0,79.199683215791,2022,0,7.74526983999124,2022,0,650.97070313,2022.0,0.0,,,,21.48647019504,2022.0,0.0,16.6329908517605,2022.0,0.0,9.97081237753468,6.479999627067404
MKD,North Macedonia,Europe & Central Asia,Upper middle income,IBRD,22822.2333994259,2022.0,0.0,61.9530566607267,2022,0,17.047678201619,2022,0,561.69281006,2022.0,0.0,,,,13.1851623117228,2022.0,0.0,22.5016591432148,2022.0,0.0,10.035534304852305,6.332733848785181
MLI,Mali,Sub-Saharan Africa ,Low income,IDA,2813.81095962565,2022.0,0.0,30.4015705681899,2022,0,2.4262091377493,2022,0,31.0949192,2022.0,0.0,,,,7.37164441273169,2022.0,0.0,37.3348886349998,2022.0,0.0,7.942650383656524,3.468697737234478
MLT,Malta,"Middle East, North Africa, Afghanistan & Pakistan",High income,Not classified,56874.4339327368,2022.0,0.0,95.6003155132879,2022,0,19.2843700775476,2022,0,3362.42382813,2022.0,0.0,,,,6.2436057114897,2022.0,0.0,11.578291572615,2022.0,0.0,10.948618785810728,8.120714730600035
MMR,Myanmar,East Asia & Pacific,Lower middle income,IDA,5350.47666899931,2022.0,0.0,30.311095757938,2022,0,6.87716132590698,2022,0,57.96875763,2022.0,0.0,,,,25.559555440961,2022.0,0.0,32.8498528834077,2022.0,0.0,8.585127814702568,4.077007771959383
MNE,Montenegro,Europe & Central Asia,Upper middle income,IBRD,25583.3155690619,2022.0,0.0,65.4012965440866,2022,0,17.1459251034129,2022,0,1032.91149902,2022.0,0.0,,,,3.75094763869843,2022.0,0.0,18.6822081301969,2022.0,0.0,10.149734769623286,6.9411044605155165
MNG,Mongolia,East Asia & Pacific,Upper middle income,IBRD,15310.4349469163,2022.0,0.0,69.783805847168,2022,0,4.61634103806392,2022,0,448.24212646,2022.0,0.0,,,,7.11716459497276,2022.0,0.0,40.9215812032638,2022.0,0.0,9.636355210380959,6.107561999544589
MOZ,Mozambique,Sub-Saharan Africa ,Low income,IDA,1476.73432917026,2022.0,0.0,35.0536638047945,2022,0,2.77309890426475,2022,0,47.69813538,2022.0,0.0,,,,8.13801372931829,2022.0,0.0,16.045018396151,2022.0,0.0,7.298265335128041,3.885640741470534
MUS,Mauritius,Sub-Saharan Africa ,Upper middle income,IBRD,25005.0666145723,2022.0,0.0,39.0000125885784,2022,0,12.3957639095405,2022,0,590.91522217,2022.0,0.0,,,,11.8013954595079,2022.0,0.0,15.054806246095,2022.0,0.0,10.126873738994941,6.383363418835158
MWI,Malawi,Sub-Saharan Africa ,Low income,IDA,1659.95933825168,2022.0,0.0,16.7146031979436,2022,0,2.61321944653068,2022,0,40.03453827,2022.0,0.0,,,,10.7499433718723,2022.0,0.0,20.1661455127716,2022.0,0.0,7.4151506290316975,3.7144141089165053
MYS,Malaysia,East Asia & Pacific,Upper middle income,IBRD,32129.2217820113,2022.0,0.0,75.9741357073003,2022,0,7.18563935667379,2022,0,458.21963501,2022.0,0.0,,,,23.3383196840342,2022.0,0.0,15.3331668435575,2022.0,0.0,10.377552354731936,6.129528603259328
NER,Niger,Sub-Saharan Africa ,Low income,IDA,1724.89699425215,2022.0,0.0,17.477207007512,2022,0,2.55072569807182,2022,0,26.50681686,2022.0,0.0,,,,6.92081274422267,2022.0,0.0,74.5735734758223,2022.0,0.0,7.453502190981956,3.3144338597720946
NGA,Nigeria,Sub-Saharan Africa ,Lower middle income,Blend,7752.26206495247,2022.0,0.0,61.3727650622225,2022,0,3.00794221997644,2022,0,89.62958527,2022.0,0.0,,,,9.13653170096745,2022.0,0.0,70.6169092406565,2022.0,0.0,8.955868945395721,4.506780707977659
NIC,Nicaragua,Latin America & Caribbean ,Lower middle income,IDA,7277.82041652584,2022.0,0.0,58.9954376220703,2022,0,5.23936494428067,2022,0,208.56825256,2022.0,0.0,,,,14.4441982412207,2022.0,0.0,20.8229199248067,2022.0,0.0,8.89272409736534,5.34504947418074
NLD,Netherlands,Europe & Central Asia,High income,Not classified,71324.0360229425,2022.0,0.0,94.9856177734136,2022,0,19.9012830406524,2022,0,5967.90429688,2022.0,0.0,,,,10.3475478456863,2022.0,0.0,9.71599320228502,2022.0,0.0,11.175002681135096,8.694318654681092
NOR,Norway,Europe & Central Asia,High income,Not classified,95109.8201605729,2022.0,0.0,82.9563661816034,2022,0,18.3301335040316,2022,0,8692.57617188,2022.0,0.0,,,,4.77970222585039,2022.0,0.0,6.02028911555586,2022.0,0.0,11.462798018723584,9.070339660864239
NPL,Nepal,South Asia,Lower middle income,IDA,4763.38751073946,2022.0,0.0,66.2992968721053,2022,0,6.19751969986239,2022,0,87.34230042,2022.0,0.0,,,,4.8320719144747,2022.0,0.0,50.6322528228936,2022.0,0.0,8.468924268632195,4.481219046354576
NZL,New Zealand,East Asia & Pacific,High income,Not classified,49842.9845334162,2022.0,0.0,83.8547305017812,2022,0,16.4463886430602,2022,0,5138.33789063,2022.0,0.0,,,,8.91308818638142,2022.0,0.0,6.98542238085309,2022.0,0.0,10.816653096762899,8.544679535099311
OMN,Oman,"Middle East, North Africa, Afghanistan & Pakistan",High income,Not classified,39780.2122774985,2022.0,0.0,80.0117053152301,2022,0,2.65754744065083,2022,0,712.06097412,2022.0,0.0,,,,10.5205216106671,2022.0,0.0,52.137724533898,2022.0,0.0,10.591150026491096,6.569566934457725
PAK,Pakistan,"Middle East, North Africa, Afghanistan & Pakistan",Lower middle income,Blend,5526.27928310213,2022.0,0.0,38.3740439760816,2022,0,4.11167709278366,2022,0,38.76602173,2022.0,0.0,,,,13.7586338644974,2022.0,0.0,57.8617671689119,2022.0,0.0,8.61745098124274,3.6830128222824534
PAN,Panama,Latin America & Caribbean ,High income,IBRD,33915.1693306309,2022.0,0.0,65.8211343914956,2022,0,8.76630082942247,2022,0,1572.93017578,2022.0,0.0,,,,5.07771354013817,2022.0,0.0,15.213921782961,2022.0,0.0,10.43164715105888,7.361331066989558
PER,Peru,Latin America & Caribbean ,Upper middle income,IBRD,15566.5242612563,2022.0,0.0,84.3663554951194,2022,0,8.81067934047644,2022,0,445.10473633,2022.0,0.0,,,,12.389286796186,2022.0,0.0,32.4787651622913,2022.0,0.0,9.652942245200911,6.100553759271311
PHL,Philippines,East Asia & Pacific,Upper middle income,IBRD,9457.10395402883,2022.0,0.0,54.7902343568327,2022,0,5.04131518299472,2022,0,182.93432617,2022.0,0.0,,,,17.2293794131524,2022.0,0.0,24.241932485757,2022.0,0.0,9.154627214265098,5.214578770907685
PLW,Palau,East Asia & Pacific,High income,IBRD,16258.6271292912,2022.0,0.0,79.1134831712956,2022,0,10.3778365898981,2022,0,2077.734375,2022.0,0.0,,,,1.07838980000924,2022.0,0.0,5.26057416498998,2022.0,0.0,9.696440451060955,7.639514513942508
POL,Poland,Europe & Central Asia,High income,IBRD,43405.0215797441,2022.0,0.0,59.8315488048321,2022,0,19.0192157040405,2022,0,1219.29125977,2022.0,0.0,,,,17.6513214118709,2022.0,0.0,15.8902118298564,2022.0,0.0,10.678353456541203,7.1068448467504295
PRT,Portugal,Europe & Central Asia,High income,Not classified,41070.8611529744,2022.0,0.0,61.1259255772782,2022,0,23.688003515383,2022,0,2600.56665039,2022.0,0.0,,,,12.4622635474503,2022.0,0.0,9.24389572463552,2022.0,0.0,10.62307852252901,7.863869100386796
PRY,Paraguay,Latin America & Caribbean ,Upper middle income,IBRD,15222.8920228598,2022.0,0.0,68.6396537819458,2022,0,6.23091107355945,2022,0,480.02862549,2022.0,0.0,,,,19.4934654881433,2022.0,0.0,14.3967643392135,2022.0,0.0,9.630621316390389,6.1759267807881875
QAT,Qatar,"Middle East, North Africa, Afghanistan & Pakistan",High income,Not classified,114740.12361423,2022.0,0.0,99.243997525719,2022,0,1.39110202233051,2022,0,1781.50390625,2022.0,0.0,,,,9.28538916332181,2022.0,0.0,111.914953972534,2022.0,0.0,11.65043377080645,7.48577434373065
ROU,Romania,Europe & Central Asia,High income,IBRD,39256.8260854977,2022.0,0.0,52.1634832477272,2022,0,19.5152470245056,2022,0,902.2677002,2022.0,0.0,,,,13.822743326618,2022.0,0.0,16.410091955998,2022.0,0.0,10.577906094048185,6.806018965960852
RUS,Russian Federation,Europe & Central Asia,High income,IBRD,38214.69140625,2022.0,0.0,74.8544893625017,2022,0,16.0755362936472,2022,0,1082.82104492,2022.0,0.0,,,,13.1487193587336,2022.0,0.0,11.7967766756222,2022.0,0.0,10.55100148004897,6.988248080658938
RWA,Rwanda,Sub-Saharan Africa ,Low income,IDA,2983.10774007304,2022.0,0.0,27.7806702737761,2022,0,3.72144812515979,2022,0,57.83102036,2022.0,0.0,,,,9.19458568443561,2022.0,0.0,36.1201417686153,2022.0,0.0,8.00105606659445,4.074669272938092
SAU,Saudi Arabia,"Middle East, North Africa, Afghanistan & Pakistan",High income,Not classified,67178.5902274906,2022.0,0.0,84.1349430023993,2022,0,2.70249417477226,2022,0,1830.89074707,2022.0,0.0,,,,15.1155743681524,2022.0,0.0,77.7937502863318,2022.0,0.0,11.115124763527119,7.513103907576965
SDN,Sudan,Sub-Saharan Africa ,Low income,IDA,3132.0771484375,2022.0,0.0,34.7209852053086,2022,0,3.12501104243737,2022,0,25.75139618,2022.0,0.0,,,,,,,39.0125504379439,2022.0,0.0,8.049770915110393,3.2865866656248346
SEN,Senegal,Sub-Saharan Africa ,Lower middle income,IDA,4228.73382643662,2022.0,0.0,53.4435061024348,2022,0,3.56339204411192,2022,0,63.44842529,2022.0,0.0,,,,15.5609051361032,2022.0,0.0,39.328601950874,2022.0,0.0,8.349894344868162,4.16586529603783
SGP,Singapore,East Asia & Pacific,High income,Not classified,134828.001392614,2022.0,0.0,100.0,2022,0,12.6908966015146,2022,0,3902.14428711,2022.0,0.0,,,,19.6980886706733,2022.0,0.0,15.0924840424926,2022.0,0.0,11.811762598182344,8.269537734755056
SLB,Solomon Islands,East Asia & Pacific,Lower middle income,IDA,2330.40164523401,2022.0,0.0,29.3511689856806,2022,0,3.62869463015929,2022,0,96.74864197,2022.0,0.0,,,,10.1059105801254,2022.0,0.0,9.82858130237828,2022.0,0.0,7.7542249301704835,4.582399305878942
SLE,Sierra Leone,Sub-Saharan Africa ,Low income,IDA,2934.7332634039,2022.0,0.0,44.2666343543487,2022,0,3.17537929635059,2022,0,41.31875229,2022.0,0.0,,,,7.00369132025097,2022.0,0.0,22.3654861743939,2022.0,0.0,7.984712535267993,3.7452303043649464
SLV,El Salvador,Latin America & Caribbean ,Upper middle income,IBRD,11085.6166169553,2022.0,0.0,74.1465021298679,2022,0,7.86163091397109,2022,0,500.20321655,2022.0,0.0,,,,13.7685122517619,2022.0,0.0,29.793836814941,2022.0,0.0,9.313493949662904,6.217011640698845
SRB,Serbia,Europe & Central Asia,Upper middle income,IBRD,24651.8478183529,2022.0,0.0,61.9013813540396,2022,0,22.0776743361109,2022,0,843.57733154,2022.0,0.0,,,,14.8395402509133,2022.0,0.0,19.5487459666309,2022.0,0.0,10.112647702954046,6.738836302854795
STP,Sao Tome and Principe,Sub-Saharan Africa ,Lower middle income,IDA,5632.13890715047,2022.0,0.0,68.3720919798341,2022,0,3.84856719913391,2022,0,139.02836609,2022.0,0.0,,,,0.734058326876875,2022.0,0.0,14.9991986078849,2022.0,0.0,8.636422098123864,4.941845017014243
SUR,Suriname,Latin America & Caribbean ,Upper middle income,Blend,18742.5873760369,2022.0,0.0,65.8985443115234,2022,0,7.3556078335719,2022,0,344.74603271,2022.0,0.0,,,,27.6729726702699,2022.0,0.0,16.0523575757927,2022.0,0.0,9.838606966289593,5.845704496032181
SVK,Slovak Republic,Europe & Central Asia,High income,Not classified,38648.9855746919,2022.0,0.0,53.1902831072528,2022,0,17.5706371952843,2022,0,1642.39208984,2022.0,0.0,,,,17.3506431084601,2022.0,0.0,13.7526914267728,2022.0,0.0,10.56230168078631,7.404517732195981
SVN,Slovenia,Europe & Central Asia,High income,Not classified,47058.8865960028,2022.0,0.0,55.3377817873563,2022,0,20.8812714279501,2022,0,2737.84936523,2022.0,0.0,,,,19.934678378123,2022.0,0.0,13.6531875986125,2022.0,0.0,10.759176252503753,7.915293171485668
SWE,Sweden,Europe & Central Asia,High income,Not classified,62544.5002248644,2022.0,0.0,88.4038576504809,2022,0,20.3419018248482,2022,0,6022.39257813,2022.0,0.0,,,,13.686213930746,2022.0,0.0,5.68785506406734,2022.0,0.0,11.043649574456245,8.703405930751918
SWZ,Eswatini,Sub-Saharan Africa ,Lower middle income,Blend,9927.60567008139,2022.0,0.0,25.396682918542,2022,0,4.01504122718824,2022,0,284.75802612,2022.0,0.0,,,,29.6218331591913,2022.0,0.0,18.4190593206,2022.0,0.0,9.2031753312768,5.655145390189474
SYR,Syrian Arab Republic,"Middle East, North Africa, Afghanistan & Pakistan",Low income,IDA,4579.43973633341,2022.0,0.0,72.6124992370605,2022,0,4.66656330771211,2022,0,53.26486588,2022.0,0.0,,,,,,,35.372994873473,2022.0,0.0,8.429550284799216,3.9938769803202443
TCD,Chad,Sub-Saharan Africa ,Low income,IDA,2449.48251052296,2022.0,0.0,25.7635558629694,2022,0,2.05551078224591,2022,0,40.17007446,2022.0,0.0,,,,7.45447343491262,2022.0,0.0,42.4135112395066,2022.0,0.0,7.8040402272186284,3.7177116443786717
TGO,Togo,Sub-Saharan Africa ,Lower middle income,IDA,3086.40878742334,2022.0,0.0,42.7332327975627,2022,0,3.61433732873147,2022,0,55.79545593,2022.0,0.0,,,,11.6124998586211,2022.0,0.0,35.8141758880983,2022.0,0.0,8.035087437964894,4.039456321294442
THA,Thailand,East Asia & Pacific,Upper middle income,IBRD,20768.4800093577,2022.0,0.0,59.742374420166,2022,0,14.0967841661394,2022,0,369.97647095,2022.0,0.0,,,,27.0303300560283,2022.0,0.0,23.7248825508583,2022.0,0.0,9.941239880897527,5.9161386399763165
TJK,Tajikistan,Europe & Central Asia,Lower middle income,IDA,4213.75618362687,2022.0,0.0,26.1957126615618,2022,0,3.47287654894973,2022,0,78.61326599,2022.0,0.0,,,,15.1406689868228,2022.0,0.0,34.3869193134356,2022.0,0.0,8.346347023834491,4.377180737130237
TLS,Timor-Leste,East Asia & Pacific,Lower middle income,Blend,5348.49182701353,2022.0,0.0,28.5857292288968,2022,0,5.40526131868541,2022,0,174.91529846,2022.0,0.0,,,,1.29056913577788,2022.0,0.0,12.7214619688248,2022.0,0.0,8.584756849773687,5.170002620445992
TTO,Trinidad and Tobago,Latin America & Caribbean ,High income,IBRD,30784.1112580356,2022.0,0.0,53.9474037904998,2022,0,11.3581160508757,2022,0,1266.28820801,2022.0,0.0,,,,17.5375492099424,2022.0,0.0,14.4879289551393,2022.0,0.0,10.334786451372745,7.144634627231346
TUN,Tunisia,"Middle East, North Africa, Afghanistan & Pakistan",Lower middle income,IBRD,12712.22345453,2022.0,0.0,69.707138648303,2022,0,8.83897616977039,2022,0,276.46380615,2022.0,0.0,,,,15.6275077181244,2022.0,0.0,22.397309689228,2022.0,0.0,9.45039794764848,5.625690496391692
TUR,Turkiye,Europe & Central Asia,Upper middle income,IBRD,33520.8111384208,2022.0,0.0,89.0381164550781,2022,0,9.71952040624191,2022,0,385.87997437,2022.0,0.0,,,,21.8019507331825,2022.0,0.0,27.691660845571,2022.0,0.0,10.419951584712166,5.9581145011784935
TUV,Tuvalu,East Asia & Pacific,Upper middle income,IDA,5044.53984578911,2022.0,0.0,63.3065768081154,2022,0,5.88470776621297,2022,0,1300.46679688,2022.0,0.0,,,,,,,5.40102031406572,2022.0,0.0,8.52625993316586,7.1712472126839195
TZA,Tanzania,Sub-Saharan Africa ,Lower middle income,IDA,3546.98095703125,2022.0,0.0,34.8234736377147,2022,0,3.03504980952398,2022,0,35.93323135,2022.0,0.0,,,,8.18310234075459,2022.0,0.0,21.8389520235848,2022.0,0.0,8.17413397617472,3.609111724359673
UGA,Uganda,Sub-Saharan Africa ,Low income,IDA,2724.90609568409,2022.0,0.0,29.9251969709665,2022,0,2.11520498203448,2022,0,44.47286224,2022.0,0.0,,,,16.371869705691,2022.0,0.0,31.8919228193081,2022.0,0.0,7.91055616400507,3.8171157137335063
UKR,Ukraine,Europe & Central Asia,Upper middle income,IBRD,13787.12109375,2022.0,0.0,69.42345912103,2022,0,17.8569387445167,2022,0,369.90487671,2021.0,1.0,,,,7.6035757191006,2022.0,0.0,14.0233703256144,2022.0,0.0,9.531562710144607,5.915945632724016
URY,Uruguay,Latin America & Caribbean ,High income,IBRD,30840.0709827676,2022.0,0.0,95.4977416992188,2022,0,15.6134055931249,2022,0,1850.80737305,2022.0,0.0,,,,10.5006057676031,2022.0,0.0,11.789659192261,2022.0,0.0,10.336602554141987,7.523917399564504
USA,United States,North America,High income,Not classified,72828.7430907189,2022.0,0.0,80.0324978239707,2022,0,16.9196203896458,2022,0,12586.19628906,2022.0,0.0,,,,10.5250313827085,2021.0,1.0,7.4282378905124,2022.0,0.0,11.195879709685746,9.44043540875639
VNM,Viet Nam,East Asia & Pacific,Upper middle income,IBRD,12979.7638983711,2022.0,0.0,37.5478515625,2022,0,8.23004774597438,2022,0,188.22650146,2022.0,0.0,,,,24.6563821395791,2022.0,0.0,25.5235044035632,2022.0,0.0,9.471223840481002,5.2429447179503805
VUT,Vanuatu,East Asia & Pacific,Lower middle income,IDA,3658.51871182046,2022.0,0.0,22.2541249733107,2022,0,4.14986272007513,2022,0,136.79508972,2022.0,0.0,,,,3.83000180624962,2022.0,0.0,7.28588304103265,2022.0,0.0,8.205086918245987,4.925767724562961
WSM,Samoa,East Asia & Pacific,Upper middle income,IDA,6450.19151677842,2022.0,0.0,17.5007949951039,2022,0,5.55629109845977,2022,0,259.95404053,2022.0,0.0,,,,4.30582023243029,2022.0,0.0,5.32741204590433,2022.0,0.0,8.772020124012572,5.564344301893671
YEM,"Yemen, Rep.","Middle East, North Africa, Afghanistan & Pakistan",Low income,IDA,,,,36.3226310308295,2022,0,2.50407638745023,2022,0,54.29036331,2022.0,0.0,,,,,,,47.1146493200055,2022.0,0.0,,4.012598631317582
ZAF,South Africa,Sub-Saharan Africa ,Upper middle income,IBRD,13767.4967589936,2022.0,0.0,63.4766699210327,2022,0,6.3616265627803,2022,0,570.48028564,2022.0,0.0,,,,12.4454055010392,2022.0,0.0,28.5062817047988,2022.0,0.0,9.530138417934381,6.348229986821848
ZMB,Zambia,Sub-Saharan Africa ,Lower middle income,IDA,3585.12379084347,2022.0,0.0,44.5988511178469,2022,0,1.85608917171283,2022,0,75.40128326,2022.0,0.0,,,,7.99635289190961,2022.0,0.0,23.4901848842686,2022.0,0.0,8.184827174161413,4.3359994926282726
ZWE,Zimbabwe,Sub-Saharan Africa ,Lower middle income,Blend,5036.78317732239,2022.0,0.0,38.7055207169041,2022,0,3.6082270050035,2022,0,68.90727997,2022.0,0.0,,,,18.0604469295427,2022.0,0.0,17.3901790946352,2022.0,0.0,8.524721418535522,4.247169792171494
